subfield,method,group,share_all,x_all,n_quant,x_quant,share_quant,ci_low,ci_high,rest_x,rest_n,rest_share_quant,label,p_vs_rest,q_vs_rest,contrast,early_x,early_n,late_x,late_n,early_share,late_share,p_trend,q_trend
sociology,Scale development / psychometric validation,Measurement,0.00334797165094134,77,3969,77,0.01940035273368606,0.01555103470546542,0.02417908302385927,104,6809,0.01527390218828021,Scale development,0.11991821647061059,0.16908442526704795,No clear difference,24,6927,34,9271,0.0034647033347769596,0.0036673498004530258,0.8946427208198625,1
sociology,Factor analysis (EFA/CFA),Measurement,0.00391321361798339,90,3969,90,0.02267573696145124,0.01848521413132838,0.02778933792015557,98,6809,0.01439271552357174,Factor analysis,0.002191098867187547,0.005634254229910835,More common than elsewhere,24,6927,39,9271,0.0034647033347769596,0.004206665947578471,0.5240332227777995,0.7944636329930507
sociology,IRT / Rasch / DIF,Measurement,7.8264272359667e-4,18,3969,18,0.00453514739229024,0.0028706788447799398,0.00715777542243737,28,6809,0.00411220443530621,IRT / Rasch,0.7606570897668139,0.7963909089473385,No clear difference,5,6927,6,9271,7.218131947452e-4,6.471793765505339e-4,1,1
sociology,"Reliability (alpha, omega, ICC)",Measurement,0.01108743858428627,255,3969,255,0.06424792139077853,0.05703319919674423,0.0723053269436841,458,6809,0.06726391540608019,Reliability,0.5738385218124888,0.6260056601590787,No clear difference,59,6927,134,9271,0.00851739569799336,0.014453672742961924,5.52924811470194e-4,0.004976323303231746
sociology,t test,Analysis,0.00347841210487412,80,3969,80,0.0201562106324011,0.01622563508514089,0.02501473671852825,175,6809,0.02570127772066383,t test,0.0758683595969369,0.11380253939540536,No clear difference,24,6927,31,9271,0.0034647033347769596,0.0033437601121777587,0.8923665491074281,1
sociology,ANOVA / ANCOVA / MANOVA,Analysis,0.00669594330188269,154,3969,154,0.03880070546737213,0.03322496530825979,0.04526834032923895,218,6809,0.03201644881774122,ANOVA family,0.0709016125431989,0.11097643702413743,No clear difference,41,6927,67,9271,0.00591886819691064,0.007226836371480962,0.3303903758881519,0.6260028174722878
sociology,Correlation,Analysis,0.02934910213487543,675,3969,675,0.17006802721088435,0.158700347246907,0.1820737493017434,1260,6809,0.18504919958877955,Correlation,0.051056280190947725,0.09190130434370591,No clear difference,214,6927,284,9271,0.030893604735094556,0.030633157156725273,0.9267572158820389,1
sociology,Linear / multiple / hierarchical regression,Analysis,0.02452280533936258,564,3969,564,0.1421012849584278,0.1315847177796406,0.1533099780182654,974,6809,0.14304596857100896,Linear regression,0.9090948886344054,0.9090948886344054,No clear difference,163,6927,271,9271,0.023531110148693517,0.029230935174199116,0.026887131794906965,0.12099209307708134
sociology,Logistic / ordinal / multinomial regression,Analysis,0.00886995086742901,204,3969,204,0.05139833711262283,0.0449522550739898,0.05871195180258302,539,6809,0.0791599353796446,Logistic regression,2.5013272044367038e-8,7.503981613310111e-8,Less common than elsewhere,60,6927,105,9271,0.0086617583369424,0.011325639089634344,0.09728531478238317,0.2694054870896765
sociology,"Count models (Poisson, negative binomial)",Analysis,0.00195660680899169,45,3969,45,0.01133786848072562,0.00848442923451152,0.01513631170180578,103,6809,0.01512703774416213,Count models,0.12211652935953464,0.16908442526704795,No clear difference,13,6927,17,9271,0.0018767143063375198,0.0018336749002265129,1,1
sociology,Chi-square / nonparametric,Analysis,0.00408713422322709,94,3969,94,0.0236835474930713,0.01939331350430561,0.02889491064630426,307,6809,0.04508738434425025,Chi-square / nonparametric,7.050909763977584e-9,2.307570468210846e-8,Less common than elsewhere,28,6927,44,9271,0.004042153890573119,0.004745982094703916,0.5517108562451741,0.7944636329930507
sociology,Mediation,Analysis,0.02969694334536284,683,3969,683,0.17208364827412445,0.16065934635000026,0.184142094396902,656,6809,0.09634307534145985,Mediation,1.2332702242155628e-29,1.4799242690586753e-28,More common than elsewhere,173,6927,345,9271,0.02497473653818392,0.0372128141516557,1.1333017490904409e-5,2.5313850228330916e-4
sociology,Moderation / interactions,Analysis,0.02282707943823644,525,3969,525,0.13227513227513227,0.12208986606025526,0.14317152677117298,387,6809,0.05683653987369658,Moderation,2.680963586461521e-40,9.651468911261475e-39,More common than elsewhere,162,6927,231,9271,0.02338674750974448,0.024916405997195554,0.5362831054232092,0.7944636329930507
sociology,SEM / path analysis,Analysis,0.01221792251837036,281,3969,281,0.0707986898463089,0.06322727741491248,0.07920011736983439,261,6809,0.03833161991481862,SEM / path analysis,3.443136699182622e-13,1.7707560167224914e-12,More common than elsewhere,73,6927,127,9271,0.010538472643279919,0.0136986301369863,0.0725902041477452,0.23756794084716612
sociology,Multilevel / mixed-effects models,Analysis,0.00604374103221879,139,3969,139,0.03502141597379692,0.02973695675778432,0.04120507850799222,271,6809,0.03980026435599941,Multilevel models,0.2298689029355025,0.2955457323456461,No clear difference,44,6927,66,9271,0.00635195611375776,0.007118973142055873,0.62896004847271,0.8708677594237523
sociology,Growth curve / trajectories,Analysis,0.00152180529588242,35,3969,35,0.00881834215167548,0.00634758980219137,0.01223897088631111,39,6809,0.00572771332060508,Growth models,0.06941016627077999,0.11097643702413743,No clear difference,7,6927,21,9271,0.0010105384726432798,0.0022651278179268686,0.08341350787542091,0.25024052362626276
sociology,Latent profile / class / mixture,Analysis,0.00182616635505891,42,3969,42,0.01058201058201058,0.00783845385989133,0.01427203300208153,59,6809,0.00866500220296666,Latent profile / class,0.35099198110906654,0.42119037733087983,No clear difference,16,6927,21,9271,0.0023098022231846397,0.0022651278179268686,1,1
sociology,Cluster analysis,Analysis,0.00182616635505891,42,3969,42,0.01058201058201058,0.00783845385989133,0.01427203300208153,58,6809,0.00851813775884858,Cluster analysis,0.2980979890848708,0.37005267610535686,No clear difference,14,6927,24,9271,0.0020210769452865597,0.0025887175062021357,0.514128158034255,0.7944636329930507
sociology,Network analysis (psychometric networks),Analysis,0.00408713422322709,94,3969,94,0.0236835474930713,0.01939331350430561,0.02889491064630426,113,6809,0.01659568218534293,Network analysis,0.010815083563538615,0.02433393801796188,More common than elsewhere,32,6927,46,9271,0.0046196044463692795,0.004961708553554094,0.81892481632936,1
sociology,Machine learning / NLP,Analysis,0.01234836297230314,284,3969,284,0.07155454774502394,0.06394329522578572,0.0799943536333056,511,6809,0.07504773094433838,Machine learning / NLP,0.5162139500399969,0.5807406937949966,No clear difference,75,6927,141,9271,0.010827197921177999,0.015208715348937547,0.018380884032457932,0.09453026073835509
sociology,Bayesian,Analysis,0.00313057089438671,72,3969,72,0.01814058956916099,0.01443044337749322,0.02278258422792408,151,6809,0.02217653106182993,Bayesian,0.16116748323105648,0.21488997764140863,No clear difference,19,6927,36,9271,0.0027428901400317596,0.0038830762593032035,0.2746234785907277,0.6179028268291373
sociology,Survival / time-to-event,Analysis,0.00160876559850428,37,3969,37,0.00932224741748551,0.00677096996462093,0.01282242677344452,138,6809,0.0202672932882949,Survival analysis,8.17217334017739e-6,2.2630633865106618e-5,Less common than elsewhere,11,6927,21,9271,0.00158798902843944,0.0022651278179268686,0.37554651319368654,0.6437940226177483
sociology,Missing data / multiple imputation,Analysis,6.5220226966389e-4,15,3969,15,0.0037792894935752,0.00229168675858211,0.00622651343429076,35,6809,0.00514025554413276,Missing data methods,0.37860282720173594,0.4396677993310482,No clear difference,3,6927,8,9271,4.3308791684711995e-4,8.629058354007119e-4,0.37188956376263355,0.6437940226177483
sociology,Dyadic / APIM,Analysis,0.00273924953258837,63,3969,63,0.01587301587301587,0.01242659501218022,0.02025567037020374,70,6809,0.01028051108826553,Dyadic (APIM),0.014282167927712128,0.028564335855424255,More common than elsewhere,28,6927,21,9271,0.004042153890573119,0.0022651278179268686,0.04381804120740672,0.1577449483466642
sociology,"Time series / dynamic models (VAR, DSEM)",Analysis,0.00308709074307578,71,3969,71,0.01788863693625598,0.01420692000195534,0.02250268957868047,474,6809,0.06961374651196946,Time series,5.581063932811841e-37,1.0045915079061313e-35,Less common than elsewhere,25,6927,25,9271,0.003609065973726,0.0026965807356272246,0.31846363913575265,0.6260028174722878
sociology,"Text analysis (LIWC, sentiment, topic models)",Analysis,0.00600026088090786,138,3969,138,0.03476946334089191,0.02950502343171314,0.04093359380928191,103,6809,0.01512703774416213,Text analysis,7.970019771376638e-11,3.188007908550655e-10,More common than elsewhere,30,6927,72,9271,0.0043308791684712,0.007766152518606407,0.00651205396258266,0.03907232377549596
sociology,Power analysis reported,Analysis,2.1740075655463e-4,5,3969,5,0.00125976316452506,5.3821180238322e-4,0.00294580814267483,1,6809,1.4686444411807e-4,Power analysis,0.02812799537199428,0.053295149125883894,No clear difference,2,6927,2,9271,2.8872527789807997e-4,2.1572645885017797e-4,0.9999999999999999,1
sociology,Panel data / fixed effects,Analysis,0.00821774859776512,189,3969,189,0.04761904761904761,0.04141997600277298,0.05469296050207761,652,6809,0.09575561756498752,Panel data / fixed effects,1.9168836414051755e-20,1.3801562218117264e-19,Less common than elsewhere,37,6927,108,9271,0.005341417641114479,0.011649228777909611,2.0717598286314332e-5,2.5313850228330916e-4
sociology,"Causal designs (DiD, RDD, IV, synthetic control)",Analysis,0.00760902647941214,175,3969,175,0.04409171075837742,0.03813346915139338,0.05093161500651647,530,6809,0.07783815538258188,"DiD, RDD, IV",2.882634027193865e-12,1.2971853122372392e-11,Less common than elsewhere,43,6927,86,9271,0.006207593474808719,0.009276237730557652,0.031852374493969875,0.1274094979758795
sociology,Propensity scores / matching,Analysis,9.1308317752945e-4,21,3969,21,0.00529100529100529,0.00346332305553305,0.0080753852860287,73,6809,0.01072110442061976,Propensity scores,0.0035068720463018337,0.008416492911124401,Less common than elsewhere,4,6927,11,9271,5.774505557961599e-4,0.001186495523675979,0.29726356368153284,0.6260028174722878
sociology,PLS-SEM,Analysis,0.00543501891386582,125,3969,125,0.03149407911312673,0.02649743926856301,0.0373967436502728,95,6809,0.0139521221912175,PLS-SEM,1.2416127081092594e-9,4.469805749193334e-9,More common than elsewhere,23,6927,67,9271,0.0033203406958279198,0.007226836371480962,8.494030105269744e-4,0.006115701675794215
sociology,"Econometric time series (ARDL, GARCH, VECM)",Analysis,0.00134788469063872,31,3969,31,0.00781053162005543,0.00550800195432612,0.01106488663505044,251,6809,0.03686297547363783,Econometric time series,3.51274344846465e-23,3.1614691036181853e-22,Less common than elsewhere,6,6927,15,9271,8.661758336942399e-4,0.001617948441376335,0.26954394236383783,0.6179028268291373
sociology,"Efficiency analysis (DEA, stochastic frontier)",Analysis,6.0872211835297e-4,14,3969,14,0.00352733686067019,0.00210236913810217,0.00591241302998921,43,6809,0.00631517109707739,Efficiency analysis (DEA),0.054923816201353594,0.09415511348803472,No clear difference,3,6927,6,9271,4.3308791684711995e-4,6.471793765505339e-4,0.7410879414836801,0.9528273533361602
sociology,Qualitative comparative analysis (QCA),Analysis,0.00326101134831949,75,3969,75,0.01889644746787604,0.01510221878106835,0.02362106289869339,29,6809,0.00425906887942429,QCA,3.1550562535797547e-13,1.7707560167224914e-12,More common than elsewhere,10,6927,51,9271,0.0014436263894904,0.005501024700679538,2.1094875190275762e-5,2.5313850228330916e-4
sociology,Spatial analysis / GIS,Analysis,0.00613070133484064,141,3969,141,0.03552532123960695,0.03020105848379671,0.04174781283154277,183,6809,0.02687619327360846,Spatial / GIS,0.01191566313429406,0.025233168990269776,More common than elsewhere,41,6927,69,9271,0.00591886819691064,0.0074425628303311404,0.24797629073686456,0.6179028268291373
sociology,Conjoint / discrete choice,Analysis,0.00330449149963041,76,3969,76,0.01914840010078105,0.01532653265508489,0.02390016704945833,137,6809,0.02012042884417682,Conjoint / choice models,0.774268939254357,0.7963909089473385,No clear difference,18,6927,28,9271,0.00259852750108272,0.0030201704239024916,0.6570490728792528,0.8760654305056704
polisci,Scale development / psychometric validation,Measurement,6.4509192559939e-4,6,1067,6,0.00562324273664479,0.00257965506899798,0.01221381295552687,175,9711,0.01802080115333127,Scale development,0.0014779912188153724,0.00532076838773534,Less common than elsewhere,2,2808,2,3929,7.122507122507123e-4,5.090353779587681e-4,1,1
polisci,Factor analysis (EFA/CFA),Measurement,0.00107515320933232,10,1067,10,0.00937207122774133,0.00509859588709625,0.01716563256947011,178,9711,0.01832972917310266,Factor analysis,0.035176515736522786,0.08519401575509071,No clear difference,3,2808,2,3929,0.0010683760683760685,5.090353779587681e-4,0.6552804033933752,0.9436037808864604
polisci,IRT / Rasch / DIF,Measurement,5.3757660466616e-4,5,1067,5,0.00468603561387066,0.00200320536160636,0.01092257255490811,41,9711,0.00422201627020904,IRT / Rasch,0.8030182274122729,0.9325372963497364,No clear difference,1,2808,4,3929,3.5612535612535614e-4,0.0010180707559175363,0.4089643381837525,0.8221568388078456
polisci,"Reliability (alpha, omega, ICC)",Measurement,0.0075260724653263,70,1067,70,0.06560449859418932,0.05225196594922909,0.08207366898796006,643,9711,0.06621357223766862,Reliability,0.9999999999999999,1,No clear difference,14,2808,45,3929,0.004985754985754986,0.011453296004072282,0.005022782889040059,0.09041009200272107
polisci,t test,Analysis,8.6012256746586e-4,8,1067,8,0.00749765698219306,0.00380398868299266,0.01472485955755295,247,9711,0.02543507362784471,t test,4.709881121508149e-5,4.2388930093573347e-4,Less common than elsewhere,2,2808,3,3929,7.122507122507123e-4,7.635530669381522e-4,1,1
polisci,ANOVA / ANCOVA / MANOVA,Analysis,0.00311794430706375,29,1067,29,0.02717900656044986,0.01898947287932197,0.03876086762944161,343,9711,0.03532077026052929,ANOVA family,0.18497274484927537,0.27745911727391304,No clear difference,5,2808,15,3929,0.0017806267806267807,0.003817765334690761,0.17302018380033637,0.8221568388078456
polisci,Correlation,Analysis,0.01655735942371788,154,1067,154,0.14432989690721648,0.12451887524321534,0.16669272876684563,1781,9711,0.1834002677376171,Correlation,0.00139355186066172,0.00532076838773534,Less common than elsewhere,45,2808,62,3929,0.016025641025641024,0.01578009671672181,0.9999999999999999,1
polisci,Linear / multiple / hierarchical regression,Analysis,0.01419202236318675,132,1067,132,0.12371134020618556,0.10529474953082818,0.1448276721030045,1406,9711,0.14478426526619298,Linear regression,0.06504030581730712,0.13008061163461423,No clear difference,43,2808,57,3929,0.015313390313390313,0.014507508271824891,0.8382247011821446,1
polisci,Logistic / ordinal / multinomial regression,Analysis,0.00612837329319428,57,1067,57,0.05342080599812558,0.04145938993728316,0.06858627359577103,686,9711,0.07064154052105859,Logistic regression,0.03549750656462113,0.08519401575509071,No clear difference,12,2808,29,3929,0.004273504273504274,0.007381012980402138,0.11422803285466149,0.8221568388078456
polisci,"Count models (Poisson, negative binomial)",Analysis,9.6763788839909e-4,9,1067,9,0.00843486410496719,0.00444388049950436,0.01595265784905163,139,9711,0.01431366491607455,Count models,0.12788897937816485,0.21653257661654324,No clear difference,2,2808,6,3929,7.122507122507123e-4,0.0015271061338763044,0.481778924018914,0.8259067268895668
polisci,Chi-square / nonparametric,Analysis,0.00118266853026556,11,1067,11,0.01030927835051546,0.00576616414086251,0.01836575442371424,390,9711,0.04016064257028112,Chi-square / nonparametric,3.0632719319260396e-8,1.1027778954933743e-6,Less common than elsewhere,2,2808,7,3929,7.122507122507123e-4,0.0017816238228556885,0.3204613617619916,0.8221568388078456
polisci,Mediation,Analysis,0.01462208364691968,136,1067,136,0.1274601686972821,0.10877791681857445,0.14881526524729974,1203,9711,0.1238801359283287,Mediation,0.7322201612256061,0.8786641934707272,No clear difference,39,2808,69,3929,0.013888888888888888,0.0175617205395775,0.2790920483070185,0.8221568388078456
polisci,Moderation / interactions,Analysis,0.00591334265132781,55,1067,55,0.05154639175257732,0.03981459368291702,0.06649568963411642,857,9711,0.08825043764802801,Moderation,1.7081502368522197e-5,3.0746704263339954e-4,Less common than elsewhere,17,2808,25,3929,0.006054131054131054,0.006362942224484602,1,1
polisci,SEM / path analysis,Analysis,0.00333297494893022,31,1067,31,0.02905342080599812,0.02054235692915192,0.04094336379563242,511,9711,0.05262073936772732,SEM / path analysis,4.943053082142496e-4,0.0029658318492854973,Less common than elsewhere,6,2808,16,3929,0.002136752136752137,0.004072283023670145,0.19817857010794715,0.8221568388078456
polisci,Multilevel / mixed-effects models,Analysis,0.00612837329319428,57,1067,57,0.05342080599812558,0.04145938993728316,0.06858627359577103,353,9711,0.03635053032643394,Multilevel models,0.008680703744588932,0.026042111233766797,More common than elsewhere,13,2808,30,3929,0.004629629629629629,0.007635530669381522,0.1619663555243909,0.8221568388078456
polisci,Growth curve / trajectories,Analysis,0,0,1067,0,0,0,0.00358732737646257,74,9711,0.00762022448769436,Growth models,6.777279098140411e-4,0.003049775594163185,Less common than elsewhere,0,2808,0,3929,0,0,1,1
polisci,Latent profile / class / mixture,Analysis,4.3006128373293e-4,4,1067,4,0.00374882849109653,0.00145878264528478,0.00959930516321931,97,9711,0.00998867263927504,Latent profile / class,0.043442700760766784,0.09199630749338848,No clear difference,1,2808,3,3929,3.5612535612535614e-4,7.635530669381522e-4,0.6453786029102515,0.9436037808864604
polisci,Cluster analysis,Analysis,7.5260724653263e-4,7,1067,7,0.0065604498594189304,0.00318145855821341,0.01347969957432182,93,9711,0.00957676861291319,Cluster analysis,0.40181268523260427,0.5357502469768056,No clear difference,1,2808,5,3929,3.5612535612535614e-4,0.0012725884448969204,0.4110784194039228,0.8221568388078456
polisci,Network analysis (psychometric networks),Analysis,0.00430061283732931,40,1067,40,0.03748828491096532,0.02764989634593121,0.05064503535094653,167,9711,0.01719699310060755,Network analysis,3.0064030121906497e-5,3.60768361462878e-4,More common than elsewhere,10,2808,21,3929,0.0035612535612535613,0.0053448714685670655,0.3620672294538312,0.8221568388078456
polisci,Machine learning / NLP,Analysis,0.0097838942049242,91,1067,91,0.08528584817244611,0.06997866858972146,0.10356845861568569,704,9711,0.07249510863968696,Machine learning / NLP,0.1383402572827915,0.21653257661654324,No clear difference,23,2808,43,3929,0.00819088319088319,0.010944260626113514,0.31554108573436845,0.8221568388078456
polisci,Bayesian,Analysis,0.00139769917213202,13,1067,13,0.01218369259606373,0.0071338897315186,0.02073340904907891,210,9711,0.02162496138399753,Bayesian,0.04066057123189752,0.09148628527176943,No clear difference,3,2808,6,3929,0.0010683760683760685,0.0015271061338763044,0.7432811750611128,1
polisci,Survival / time-to-event,Analysis,0.00301042898613052,28,1067,28,0.026241799437675722,0.01821733606076674,0.03766531433998646,147,9711,0.01513747296879827,Survival analysis,0.01016046950627672,0.028136684786612454,More common than elsewhere,9,2808,13,3929,0.003205128205128205,0.003308729956731993,1,1
polisci,Missing data / multiple imputation,Analysis,5.3757660466616e-4,5,1067,5,0.00468603561387066,0.00200320536160636,0.01092257255490811,45,9711,0.00463392029657089,Missing data methods,0.9999999999999999,1,No clear difference,1,2808,4,3929,3.5612535612535614e-4,0.0010180707559175363,0.4089643381837525,0.8221568388078456
polisci,Dyadic / APIM,Analysis,0.00182776045586496,17,1067,17,0.01593252108716026,0.00997097758177009,0.02536708163086894,116,9711,0.01194521676449387,Dyadic (APIM),0.24404079018274932,0.33790263256072983,No clear difference,8,2808,7,3929,0.002849002849002849,0.0017816238228556885,0.43457677290169533,0.8234086223400543
polisci,"Time series / dynamic models (VAR, DSEM)",Analysis,0.00311794430706375,29,1067,29,0.02717900656044986,0.01898947287932197,0.03876086762944161,516,9711,0.05313561940067964,Time series,1.1815083985258862e-4,8.506860469386381e-4,Less common than elsewhere,9,2808,11,3929,0.003205128205128205,0.002799694578773225,0.8221227311606438,1
polisci,"Text analysis (LIWC, sentiment, topic models)",Analysis,0.00440812815826255,41,1067,41,0.03842549203373945,0.02844989651561982,0.0517127252892683,200,9711,0.02059520131809288,Text analysis,6.248298983957142e-4,0.003049775594163185,More common than elsewhere,11,2808,21,3929,0.003917378917378918,0.0053448714685670655,0.4742425560921004,0.8259067268895668
polisci,Power analysis reported,Analysis,0,0,1067,0,0,0,0.00358732737646257,6,9711,6.1785603954278e-4,Power analysis,1,1,No clear difference,0,2808,0,3929,0,0,1,1
polisci,Panel data / fixed effects,Analysis,0.01032147080959036,96,1067,96,0.08997188378631678,0.07424153995941091,0.10864403778604811,745,9711,0.07671712490989599,Panel data / fixed effects,0.13254300314851686,0.21653257661654324,No clear difference,16,2808,57,3929,0.005698005698005698,0.014507508271824891,4.706154492464398e-4,0.016942156172871835
polisci,"Causal designs (DiD, RDD, IV, synthetic control)",Analysis,0.0084937103537254,79,1067,79,0.07403936269915651,0.05981073256612194,0.0913241133431606,626,9711,0.06446298012563073,"DiD, RDD, IV",0.24001806598463007,0.33790263256072983,No clear difference,21,2808,41,3929,0.007478632478632479,0.010435225248154746,0.2445676066851192,0.8221568388078456
polisci,Propensity scores / matching,Analysis,8.6012256746586e-4,8,1067,8,0.00749765698219306,0.00380398868299266,0.01472485955755295,86,9711,0.00885593656677994,Propensity scores,0.8616556010484614,0.9693625511795191,No clear difference,1,2808,6,3929,3.5612535612535614e-4,0.0015271061338763044,0.2509254038080605,0.8221568388078456
polisci,PLS-SEM,Analysis,9.6763788839909e-4,9,1067,9,0.00843486410496719,0.00444388049950436,0.01595265784905163,211,9711,0.02172793739058799,PLS-SEM,0.0019242573612352357,0.006297569545860772,Less common than elsewhere,0,2808,8,3929,0,0.0020361415118350726,0.02440980576970594,0.2929176692364713
polisci,"Econometric time series (ARDL, GARCH, VECM)",Analysis,0.00204279109773142,19,1067,19,0.01780693533270853,0.01142907110730923,0.02764436832135056,263,9711,0.02708268973329214,Econometric time series,0.08481288278102907,0.16069809369037086,No clear difference,5,2808,12,3929,0.0017806267806267807,0.003054212267752609,0.33740551463093993,0.8221568388078456
polisci,"Efficiency analysis (DEA, stochastic frontier)",Analysis,2.1503064186646e-4,2,1067,2,0.00187441424554826,5.141825780635e-4,0.00680852501441983,55,9711,0.00566368036247554,Efficiency analysis (DEA),0.12046781831053974,0.21653257661654324,No clear difference,0,2808,2,3929,0,5.090353779587681e-4,0.5137713982096954,0.8407168334340471
polisci,Qualitative comparative analysis (QCA),Analysis,0.00129018385119879,12,1067,12,0.01124648547328959,0.00644501869740006,0.01955458997518707,92,9711,0.00947379260632272,QCA,0.5117954954691679,0.6580227798889302,No clear difference,2,2808,7,3929,7.122507122507123e-4,0.0017816238228556885,0.3204613617619916,0.8221568388078456
polisci,Spatial analysis / GIS,Analysis,0.00365552091172992,34,1067,34,0.03186504217432052,0.02289131793750347,0.04419747311131201,290,9711,0.02986304191123468,Spatial / GIS,0.7054307502825001,0.8757071382817243,No clear difference,9,2808,17,3929,0.003205128205128205,0.004326800712649529,0.5524513172454041,0.8647064096015021
polisci,Conjoint / discrete choice,Analysis,0.00215030641866465,20,1067,20,0.01874414245548266,0.01216625700295342,0.02877487253371674,193,9711,0.01987436927195963,Conjoint / choice models,0.9077794013409646,0.9903048014628704,No clear difference,6,2808,8,3929,0.002136752136752137,0.0020361415118350726,1,1
economics,Scale development / psychometric validation,Measurement,0.00155213771694652,11,2630,11,0.00418250950570342,0.00233707553349241,0.007474243516923,170,8148,0.02086401570937653,Scale development,7.230599656477406e-11,2.1691798969432218e-10,Less common than elsewhere,1,2200,9,2831,4.5454545454545455e-4,0.0031790886612504416,0.05029541931770707,0.22632938692968183
economics,Factor analysis (EFA/CFA),Measurement,0.00253986171863976,18,2630,18,0.00684410646387832,0.0043336439095062,0.01079310517668152,170,8148,0.02086401570937653,Factor analysis,2.932665063941262e-7,7.038396153459028e-7,Less common than elsewhere,9,2200,7,2831,0.004090909090909091,0.002472624514305899,0.325093847522931,0.531971750492069
economics,IRT / Rasch / DIF,Measurement,5.6441371525328e-4,4,2630,4,0.00152091254752851,5.9160719341182e-4,0.00390428182123128,42,8148,0.00515463917525773,IRT / Rasch,0.009582422159852971,0.013798687910188278,Less common than elsewhere,2,2200,2,2831,9.090909090909091e-4,7.064641469445425e-4,1,1
economics,"Reliability (alpha, omega, ICC)",Measurement,0.01396923945251869,99,2630,99,0.0376425855513308,0.03101694568879411,0.04561692238275892,614,8148,0.07535591556210113,Reliability,1.021546259626118e-12,4.086185038504472e-12,Less common than elsewhere,16,2200,54,2831,0.007272727272727273,0.01907453196750265,3.6413638052760805e-4,0.005768510425164043
economics,t test,Analysis,0.00550303372371948,39,2630,39,0.01482889733840304,0.01086661985450918,0.02020641933899547,216,8148,0.02650957290132547,t test,3.846114876548451e-4,6.02000589372801e-4,Less common than elsewhere,11,2200,18,2831,0.005,0.006358177322500883,0.5777807301240827,0.7202126535983407
economics,ANOVA / ANCOVA / MANOVA,Analysis,0.00479751657965288,34,2630,34,0.01292775665399239,0.00926596176503159,0.0180103416886357,338,8148,0.04148257241040746,ANOVA family,2.659638420282463e-14,1.3678140447166953e-13,Less common than elsewhere,10,2200,13,2831,0.004545454545454545,0.0045920169551395265,1,1
economics,Correlation,Analysis,0.06095668124735431,432,2630,432,0.16425855513307985,0.1505898676321979,0.17890660071252357,1503,8148,0.18446244477172313,Correlation,0.019399960121691106,0.026861483245418455,Less common than elsewhere,122,2200,175,2831,0.05545454545454546,0.06181561285764747,0.36588367898926416,0.5726874975484135
economics,Linear / multiple / hierarchical regression,Analysis,0.05277268237618174,374,2630,374,0.14220532319391635,0.12937858893999502,0.15607574482261302,1164,8148,0.14285714285714285,Linear regression,0.9488910674181484,0.9760022407729526,No clear difference,116,2200,181,2831,0.05272727272727273,0.0639350052984811,0.10342909665630057,0.3102872899689017
economics,Logistic / ordinal / multinomial regression,Analysis,0.01876675603217158,133,2630,133,0.05057034220532319,0.04283199095621597,0.059619680146231147,610,8148,0.07486499754540991,Logistic regression,1.1401780377818108e-5,2.2803560755636215e-5,Less common than elsewhere,48,2200,49,2831,0.02181818181818182,0.017308371600141294,0.25697137159153727,0.49712199009254954
economics,"Count models (Poisson, negative binomial)",Analysis,0.0049386200084662,35,2630,35,0.01330798479087452,0.00958439874997692,0.01845125185165784,113,8148,0.013868433971526751,Count models,0.9232484589765271,0.9760022407729526,No clear difference,9,2200,17,2831,0.004090909090909091,0.006004945249028612,0.42961582552199357,0.6444237382829904
economics,Chi-square / nonparametric,Analysis,0.01157048116269225,82,2630,82,0.0311787072243346,0.02518986146113255,0.03853510509497343,319,8148,0.0391507118311242,Chi-square / nonparametric,0.06604510639331244,0.08491513679140172,No clear difference,23,2200,39,2831,0.010454545454545454,0.01377605086541858,0.3056527189601361,0.531971750492069
economics,Mediation,Analysis,0.01411034288133201,100,2630,100,0.03802281368821293,0.03136164449386108,0.04603157072565942,1239,8148,0.15206185567010308,Mediation,2.0771383002558896e-65,1.8694244702303007e-64,Less common than elsewhere,27,2200,47,2831,0.012272727272727272,0.01660190745319675,0.23798474033224642,0.49712199009254954
economics,Moderation / interactions,Analysis,0.01523917031183857,108,2630,108,0.04106463878326996,0.03412601641271173,0.04934197599054856,804,8148,0.09867452135493372,Moderation,6.740903607562727e-23,4.044542164537636e-22,Less common than elsewhere,27,2200,54,2831,0.012272727272727272,0.01907453196750265,0.07020849328514617,0.25118408329321246
economics,SEM / path analysis,Analysis,0.00987724001693241,70,2630,70,0.02661596958174904,0.02112070062850822,0.03349210015198809,472,8148,0.05792832596956308,SEM / path analysis,1.2581454425584972e-11,4.52932359321059e-11,Less common than elsewhere,17,2200,33,2831,0.007727272727272728,0.011656658424584953,0.19724015772195258,0.4934239560902616
economics,Multilevel / mixed-effects models,Analysis,0.00987724001693241,70,2630,70,0.02661596958174904,0.02112070062850822,0.03349210015198809,340,8148,0.04172803141875306,Multilevel models,3.3521138306930243e-4,5.485277177497676e-4,Less common than elsewhere,21,2200,32,2831,0.009545454545454546,0.01130342635111268,0.5801713042875523,0.7202126535983407
economics,Growth curve / trajectories,Analysis,5.6441371525328e-4,4,2630,4,0.00152091254752851,5.9160719341182e-4,0.00390428182123128,70,8148,0.00859106529209622,Growth models,2.9277299412032207e-5,5.547277783332418e-5,Less common than elsewhere,3,2200,1,2831,0.0013636363636363637,3.5323207347227127e-4,0.3248611650484724,0.531971750492069
economics,Latent profile / class / mixture,Analysis,0.00296317200507972,21,2630,21,0.00798479087452471,0.00522852314831928,0.01217626738177087,80,8148,0.00981836033382425,Latent profile / class,0.484696488149106,0.5628733410763812,No clear difference,4,2200,12,2831,0.0018181818181818182,0.0042387848816672555,0.205593315037609,0.4934239560902616
economics,Cluster analysis,Analysis,0.00437420629321292,31,2630,31,0.011787072243346,0.0083163280369305,0.01668193397283437,69,8148,0.00846833578792341,Cluster analysis,0.12859969961543377,0.15964100641915918,No clear difference,13,2200,13,2831,0.005909090909090909,0.0045920169551395265,0.5559298815588565,0.7202126535983407
economics,Network analysis (psychometric networks),Analysis,0.00380979257795964,27,2630,27,0.01026615969581749,0.0070651241207071,0.01489574929718788,180,8148,0.02209131075110456,Network analysis,5.618918438288956e-5,9.632431608495352e-5,Less common than elsewhere,3,2200,12,2831,0.0013636363636363637,0.0042387848816672555,0.07166543236649867,0.25118408329321246
economics,Machine learning / NLP,Analysis,0.03527585720333004,250,2630,250,0.09505703422053231,0.0844311037746317,0.10686418364000971,545,8148,0.06688757977417771,Machine learning / NLP,2.7832665304929224e-6,6.262349693609075e-6,More common than elsewhere,60,2200,130,2831,0.02727272727272727,0.045920169551395267,5.764933643208881e-4,0.005768510425164043
economics,Bayesian,Analysis,0.01495696345421193,106,2630,106,0.0403041825095057,0.03343382914042544,0.0485154689668999,117,8148,0.01435935198821796,Bayesian,4.880089401080572e-14,2.1960402304862575e-13,More common than elsewhere,28,2200,39,2831,0.012727272727272728,0.01377605086541858,0.8047894337740232,0.9053881129957762
economics,Survival / time-to-event,Analysis,0.00550303372371948,39,2630,39,0.01482889733840304,0.01086661985450918,0.02020641933899547,136,8148,0.01669121256750122,Survival analysis,0.5943695125066637,0.6686657015699966,No clear difference,19,2200,13,2831,0.008636363636363636,0.0045920169551395265,0.07675069211737047,0.25118408329321246
economics,Missing data / multiple imputation,Analysis,0.00183434457457316,13,2630,13,0.00494296577946768,0.00289101580788525,0.0084389975384651,37,8148,0.00454099165439371,Missing data methods,0.7439244854245882,0.8115539840995507,No clear difference,2,2200,5,2831,9.090909090909091e-4,0.0017661603673613563,0.47823815344493875,0.6886629409607118
economics,Dyadic / APIM,Analysis,5.6441371525328e-4,4,2630,4,0.00152091254752851,5.9160719341182e-4,0.00390428182123128,129,8148,0.0158321060382916,Dyadic (APIM),1.4690473113803155e-11,4.8077912008810327e-11,Less common than elsewhere,1,2200,3,2831,4.5454545454545455e-4,0.0010596962204168139,0.6365654105120173,0.7638784926144208
economics,"Time series / dynamic models (VAR, DSEM)",Analysis,0.05658247495414138,401,2630,401,0.15247148288973383,0.13924044691785784,0.16671625983987196,144,8148,0.01767304860088365,Time series,5.214905466134711e-137,1.8773659678084962e-135,More common than elsewhere,96,2200,181,2831,0.04363636363636364,0.0639350052984811,0.0018014368037024087,0.010808620822214452
economics,"Text analysis (LIWC, sentiment, topic models)",Analysis,0.0028220685762664,20,2630,20,0.00760456273764258,0.00492821641294248,0.01171722696918019,221,8148,0.02712322042218949,Text analysis,9.394854068563803e-11,2.601651895909976e-10,Less common than elsewhere,2,2200,11,2831,9.090909090909091e-4,0.003885552808194984,0.04890269662613799,0.22632938692968183
economics,Power analysis reported,Analysis,1.4110342881332e-4,1,2630,1,3.8022813688212e-4,6.712275537427135e-5,0.00215072481536642,5,8148,6.1364752086401e-4,Power analysis,1,1,No clear difference,0,2200,1,2831,0,3.5323207347227127e-4,1,1
economics,Panel data / fixed effects,Analysis,0.06914068011852688,490,2630,490,0.18631178707224336,0.1718925560748824,0.20164604685195253,351,8148,0.0430780559646539,Panel data / fixed effects,1.1920740357399418e-106,2.1457332643318953e-105,More common than elsewhere,113,2200,249,2831,0.05136363636363636,0.08795478629459555,4.996926498147557e-7,1.7988935393331203e-5
economics,"Causal designs (DiD, RDD, IV, synthetic control)",Analysis,0.05206716523211514,369,2630,369,0.14030418250950571,0.12755484079784757,0.15410275722492311,336,8148,0.04123711340206185,"DiD, RDD, IV",1.263351331644188e-61,9.096129587838154e-61,More common than elsewhere,99,2200,187,2831,0.045,0.06605439773931474,0.0013887100916664915,0.00999871265999874
economics,Propensity scores / matching,Analysis,0.00465641315083956,33,2630,33,0.01254752851711026,0.0089484435779639,0.01756851272773592,61,8148,0.00748649975454099,Propensity scores,0.021191241398273365,0.02825498853103115,More common than elsewhere,9,2200,16,2831,0.004090909090909091,0.00565171317555634,0.5456514149221222,0.7202126535983407
economics,PLS-SEM,Analysis,0.00451530972202624,32,2630,32,0.01216730038022813,0.00863188452951419,0.01712572462821815,188,8148,0.02307314678448699,PLS-SEM,4.4858832773495987e-4,6.728824916024398e-4,Less common than elsewhere,9,2200,15,2831,0.004090909090909091,0.005298481102084069,0.6809523405787076,0.7907833632526927
economics,"Econometric time series (ARDL, GARCH, VECM)",Analysis,0.032171581769437,228,2630,228,0.08669201520912548,0.07653181654939216,0.09805783360996488,54,8148,0.00662739322533136,Econometric time series,3.36055251792901e-91,4.032663021514812e-90,More common than elsewhere,49,2200,111,2831,0.022272727272727274,0.039208760155422115,6.409456027960048e-4,0.005768510425164043
economics,"Efficiency analysis (DEA, stochastic frontier)",Analysis,0.00522082686609284,37,2630,37,0.01406844106463878,0.01022388138586559,0.01933046351170411,20,8148,0.00245459008345606,Efficiency analysis (DEA),1.0231482104172757e-10,2.630952541072995e-10,More common than elsewhere,6,2200,14,2831,0.0027272727272727275,0.004945249028611798,0.26236993921551227,0.49712199009254954
economics,Qualitative comparative analysis (QCA),Analysis,0.00126993085931988,9,2630,9,0.00342205323193916,0.00180141628119266,0.0064912084732878,95,8148,0.01165930289641629,QCA,4.877437511443832e-5,8.779387520598899e-5,Less common than elsewhere,3,2200,5,2831,0.0013636363636363637,0.0017661603673613563,1,1
economics,Spatial analysis / GIS,Analysis,0.01241710173557217,88,2630,88,0.03346007604562737,0.02723895661133845,0.04104209283257238,236,8148,0.02896416298478154,Spatial / GIS,0.2377051176281771,0.28524614115381247,No clear difference,23,2200,40,2831,0.010454545454545454,0.01412928293889085,0.25349148059440485,0.49712199009254954
economics,Conjoint / discrete choice,Analysis,0.01157048116269225,82,2630,82,0.0311787072243346,0.02518986146113255,0.03853510509497343,131,8148,0.01607756504663721,Conjoint / choice models,5.156418536645197e-6,1.0919474548189828e-5,More common than elsewhere,21,2200,39,2831,0.009545454545454546,0.01377605086541858,0.19130708149039258,0.4934239560902616
public_health,Scale development / psychometric validation,Measurement,0.00847008999470619,32,1155,32,0.0277056277056277,0.01969270571260301,0.03884977942318744,149,9623,0.01548373688039073,Scale development,0.004859180705237072,0.009718361410474144,More common than elsewhere,11,1255,15,1515,0.008764940239043825,0.009900990099009901,0.8444249828259712,1
public_health,Factor analysis (EFA/CFA),Measurement,0.00635256749602964,24,1155,24,0.02077922077922078,0.01400277454406894,0.03073281761479451,164,9623,0.01704250233814818,Factor analysis,0.3418522759941026,0.41022273119292313,No clear difference,11,1255,6,1515,0.008764940239043825,0.0039603960396039604,0.1420390442845377,0.5350305980286325
public_health,IRT / Rasch / DIF,Measurement,0.00185283218634197,7,1155,7,0.00606060606060606,0.00293881359728533,0.01245713098560825,39,9623,0.00405279019016938,IRT / Rasch,0.33410909828780305,0.41022273119292313,No clear difference,1,1255,4,1515,7.968127490039841e-4,0.0026402640264026403,0.3855284207095273,0.7710568414190546
public_health,"Reliability (alpha, omega, ICC)",Measurement,0.02408681842244573,91,1155,91,0.07878787878787878,0.06461023473632704,0.09575808610429998,622,9623,0.06463680764834251,Reliability,0.06933228805658502,0.10399843208487752,No clear difference,25,1255,49,1515,0.0199203187250996,0.03234323432343234,0.044761907182343186,0.2685714430940591
public_health,t test,Analysis,0.01270513499205929,48,1155,48,0.04155844155844156,0.03148732464298094,0.05466894644666351,207,9623,0.02151096331705289,t test,8.538507204651781e-5,2.3645096874420316e-4,More common than elsewhere,20,1255,18,1515,0.01593625498007968,0.011881188118811881,0.413153783700787,0.78281769543307
public_health,ANOVA / ANCOVA / MANOVA,Analysis,0.01746956061408152,66,1155,66,0.05714285714285714,0.04516639210688774,0.07205538818084244,306,9623,0.0317988153382521,ANOVA family,3.584810378405635e-5,1.1732106692963897e-4,More common than elsewhere,19,1255,28,1515,0.015139442231075698,0.018481848184818482,0.5559408471445808,0.8587059136082249
public_health,Correlation,Analysis,0.06776071995764955,256,1155,256,0.22164502164502164,0.19863585558752783,0.2464996329022185,1679,9623,0.17447781357165126,Correlation,1.1408204019115487e-4,2.933538176343983e-4,More common than elsewhere,102,1255,83,1515,0.08127490039840637,0.05478547854785479,0.0058766812018901,0.1057802616340218
public_health,Linear / multiple / hierarchical regression,Analysis,0.04685018528321863,177,1155,177,0.15324675324675324,0.13362431479187176,0.1751681055507205,1361,9623,0.1414319858671932,Linear regression,0.28525953091559014,0.3667622540343302,No clear difference,65,1255,71,1515,0.05179282868525897,0.04686468646864687,0.5963235511168229,0.8587059136082249
public_health,Logistic / ordinal / multinomial regression,Analysis,0.04023292747485442,152,1155,152,0.1316017316017316,0.11332092368681888,0.15232495610287652,591,9623,0.06141535903564377,Logistic regression,4.678834271288656e-16,5.614601125546387e-15,More common than elsewhere,62,1255,61,1515,0.04940239043824701,0.04026402640264026,0.26649499948753974,0.6395879987700953
public_health,"Count models (Poisson, negative binomial)",Analysis,0.00820539968237162,31,1155,31,0.02683982683982684,0.01897200649345573,0.03784461702021884,117,9623,0.01215837057050815,Count models,2.336848884207251e-4,5.608437322097402e-4,More common than elsewhere,11,1255,14,1515,0.008764940239043825,0.009240924092409241,1,1
public_health,Chi-square / nonparametric,Analysis,0.01958708311275807,74,1155,74,0.06406926406926407,0.0513416517828335,0.07968702148182366,327,9623,0.03398108697911254,Chi-square / nonparametric,2.2043145416320597e-6,1.1336474785536308e-5,More common than elsewhere,27,1255,23,1515,0.02151394422310757,0.015181518151815182,0.2515317867870317,0.6395879987700953
public_health,Mediation,Analysis,0.03996823716251985,151,1155,151,0.13073593073593073,0.11251216799553902,0.15140785017204045,1188,9623,0.12345422425439052,Mediation,0.4789245358470007,0.5561704287255492,No clear difference,52,1255,68,1515,0.04143426294820717,0.044884488448844885,0.7079698957448477,0.9663574687563554
public_health,Moderation / interactions,Analysis,0.01588141874007411,60,1155,60,0.05194805194805195,0.0405700383186288,0.06629657223640614,852,9623,0.0885378780006235,Moderation,9.276768991801472e-6,3.33963683704853e-5,Less common than elsewhere,17,1255,23,1515,0.013545816733067729,0.015181518151815182,0.7516113645882764,0.9663574687563554
public_health,SEM / path analysis,Analysis,0.00741132874536791,28,1155,28,0.02424242424242424,0.0168250430561807,0.03481399559114625,514,9623,0.05341369635248882,SEM / path analysis,4.379172231646383e-6,1.751668892658553e-5,Less common than elsewhere,7,1255,17,1515,0.005577689243027889,0.011221122112211221,0.14861961056350903,0.5350305980286325
public_health,Multilevel / mixed-effects models,Analysis,0.01535203811540497,58,1155,58,0.05021645021645021,0.03904541195507483,0.06436947535572836,352,9623,0.0365790294087083,Multilevel models,0.02755209950700401,0.04723217058343544,More common than elsewhere,16,1255,29,1515,0.012749003984063745,0.01914191419141914,0.22715239264467788,0.6395879987700953
public_health,Growth curve / trajectories,Analysis,0.00529380624669137,20,1155,20,0.01731601731601731,0.01123705504836626,0.02659509062203369,54,9623,0.00561155564792684,Growth models,6.893007951692988e-5,2.0679023855078965e-4,More common than elsewhere,2,1255,12,1515,0.0015936254980079682,0.007920792079207921,0.02784541460317951,0.20048698514289245
public_health,Latent profile / class / mixture,Analysis,0.00449973530968766,17,1155,17,0.01471861471861472,0.00920965432298349,0.02344490648106885,84,9623,0.00872908656344175,Latent profile / class,0.05212142753516328,0.08528960869390355,No clear difference,7,1255,6,1515,0.005577689243027889,0.0039603960396039604,0.5851403473833446,0.8587059136082249
public_health,Cluster analysis,Analysis,0.00211752249867654,8,1155,8,0.00692640692640692,0.0035138264876016,0.01360797971740786,92,9623,0.00956042814091239,Cluster analysis,0.5141375077433877,0.5784046962113112,No clear difference,5,1255,0,1515,0.00398406374501992,0,0.01900744867111235,0.20048698514289245
public_health,Network analysis (psychometric networks),Analysis,0.00238221281101111,9,1155,9,0.00779220779220779,0.00410486597609046,0.01474280185103487,198,9623,0.02057570404239842,Network analysis,0.0013787481899221062,0.0029197020492468134,Less common than elsewhere,0,1255,5,1515,0,0.0033003300330033004,0.06780112556522733,0.34869150290688344
public_health,Machine learning / NLP,Analysis,0.02302805717310746,87,1155,87,0.07532467532467532,0.06147241164729178,0.09199246270487174,708,9623,0.07357372960615192,Machine learning / NLP,0.8117689651228616,0.859520080718324,No clear difference,19,1255,42,1515,0.015139442231075698,0.027722772277227723,0.026835625766594224,0.20048698514289245
public_health,Bayesian,Analysis,0.00555849655902594,21,1155,21,0.01818181818181818,0.01192239420416055,0.02763561308835527,202,9623,0.02099137483113374,Bayesian,0.5854237266259282,0.6386440654101034,No clear difference,11,1255,7,1515,0.008764940239043825,0.0046204620462046205,0.23502929313237053,0.6395879987700953
public_health,Survival / time-to-event,Analysis,0.01058761249338274,40,1155,40,0.03463203463203463,0.02553485169952327,0.04681452641319417,135,9623,0.0140288891198171,Survival analysis,2.925406096047048e-6,1.3164327432211717e-5,More common than elsewhere,11,1255,19,1515,0.008764940239043825,0.012541254125412541,0.3630715308466974,0.7688573594400651
public_health,Missing data / multiple imputation,Analysis,0.00238221281101111,9,1155,9,0.00779220779220779,0.00410486597609046,0.01474280185103487,41,9623,0.00426062558453704,Missing data methods,0.10554829120118267,0.14614378781702214,No clear difference,3,1255,5,1515,0.002390438247011952,0.0033003300330033004,0.7357106124003661,0.9663574687563554
public_health,Dyadic / APIM,Analysis,0.00608787718369507,23,1155,23,0.01991341991341991,0.01330550873972224,0.02970422179702534,110,9623,0.01143094669022134,Dyadic (APIM),0.022587707280233186,0.040657873104419734,More common than elsewhere,4,1255,11,1515,0.0031872509960159364,0.007260726072607261,0.1949687766481318,0.6380796326666133
public_health,"Time series / dynamic models (VAR, DSEM)",Analysis,0.00661725780836421,25,1155,25,0.02164502164502164,0.01470354858973323,0.0317579051912461,520,9623,0.05403720253559181,Time series,2.433210378774615e-7,1.4599262272647689e-6,Less common than elsewhere,6,1255,17,1515,0.004780876494023904,0.011221122112211221,0.09046288485320463,0.4070829818394208
public_health,"Text analysis (LIWC, sentiment, topic models)",Analysis,7.940709370037e-4,3,1155,3,0.00259740259740259,8.837358827928e-4,0.0076087622116372796,238,9623,0.02473241192975163,Text analysis,9.54330729281565e-9,6.871181250827269e-8,Less common than elsewhere,2,1255,1,1515,0.0015936254980079682,6.600660066006601e-4,0.5932433349529335,0.8587059136082249
public_health,Power analysis reported,Analysis,0,0,1155,0,0,2.168404344971009e-19,0.00331491322808247,6,9623,6.2350618310298e-4,Power analysis,1,1,No clear difference,0,1255,0,1515,0,0,1,1
public_health,Panel data / fixed effects,Analysis,0.00317628374801482,12,1155,12,0.01038961038961039,0.0059531698772734,0.01807208281619956,829,9623,0.0861477709653954,Panel data / fixed effects,7.66154185930428e-28,2.7581550693495407e-26,Less common than elsewhere,5,1255,3,1515,0.00398406374501992,0.0019801980198019802,0.4805404752354799,0.8587059136082249
public_health,"Causal designs (DiD, RDD, IV, synthetic control)",Analysis,0.00370566437268395,14,1155,14,0.01212121212121212,0.00723392741677654,0.02024304852092816,691,9623,0.07180712875402681,"DiD, RDD, IV",5.660701345502231e-20,1.0189262421904016e-18,Less common than elsewhere,0,1255,11,1515,0,0.007260726072607261,0.0014497191619787244,0.05218988983123408
public_health,Propensity scores / matching,Analysis,0.00264690312334568,10,1155,10,0.00865800865800865,0.00470958764605493,0.01586394180318628,84,9623,0.00872908656344175,Propensity scores,1,1,No clear difference,2,1255,6,1515,0.0015936254980079682,0.0039603960396039604,0.30560607106238885,0.6876136598903749
public_health,PLS-SEM,Analysis,0.00238221281101111,9,1155,9,0.00779220779220779,0.00410486597609046,0.01474280185103487,211,9623,0.02192663410578821,PLS-SEM,5.666702987552422e-4,0.001275008172199295,Less common than elsewhere,3,1255,4,1515,0.002390438247011952,0.0026402640264026403,1,1
public_health,"Econometric time series (ARDL, GARCH, VECM)",Analysis,2.6469031233456e-4,1,1155,1,8.6580086580086e-4,1.5285146354381e-4,0.00488792338665452,281,9623,0.02920087290865634,Econometric time series,5.865050121198914e-13,5.2785451090790225e-12,Less common than elsewhere,0,1255,0,1515,0,0,1,1
public_health,"Efficiency analysis (DEA, stochastic frontier)",Analysis,5.2938062466913e-4,2,1155,2,0.00173160173160173,4.7499615740578e-4,0.00629164031490843,55,9623,0.00571547334511067,Efficiency analysis (DEA),0.08516297515837137,0.12263468422805478,No clear difference,0,1255,1,1515,0,6.600660066006601e-4,1,1
public_health,Qualitative comparative analysis (QCA),Analysis,7.940709370037e-4,3,1155,3,0.00259740259740259,8.837358827928e-4,0.0076087622116372796,101,9623,0.01049568741556687,QCA,0.006009535965704777,0.011386489198177472,Less common than elsewhere,0,1255,2,1515,0,0.0013201320132013201,0.5042261343679965,0.8587059136082249
public_health,Spatial analysis / GIS,Analysis,0.00714663843303335,27,1155,27,0.02337662337662337,0.01611485345705761,0.03379832356815347,297,9623,0.03086355606359763,Spatial / GIS,0.17168337912031512,0.22891117216042015,No clear difference,10,1255,10,1515,0.00796812749003984,0.006600660066006601,0.8223712774688715,1
public_health,Conjoint / discrete choice,Analysis,0.00370566437268395,14,1155,14,0.01212121212121212,0.00723392741677654,0.02024304852092816,199,9623,0.02067962173958225,Conjoint / choice models,0.056009879373549135,0.08766763728033777,No clear difference,4,1255,6,1515,0.0031872509960159364,0.0039603960396039604,1.0000000000000002,1
nursing_health,Scale development / psychometric validation,Measurement,0.00887154009936124,50,1581,50,0.03162555344718532,0.02407055435467434,0.04145111552553901,131,9197,0.01424377514406871,Scale development,5.8741629313993234e-6,1.5104990395026833e-5,More common than elsewhere,20,1935,19,2157,0.0103359173126615,0.00880853036624942,0.6324226273226684,0.9504267834200849
nursing_health,Factor analysis (EFA/CFA),Measurement,0.00656493967352732,37,1581,37,0.02340290955091714,0.01702600952023702,0.03209023390277549,151,9197,0.01641839730346852,Factor analysis,0.06035335900976769,0.09446612714572335,No clear difference,13,1935,9,2157,0.006718346253229974,0.004172461752433936,0.29074145547785035,0.9504267834200849
nursing_health,IRT / Rasch / DIF,Measurement,0.00159687721788502,9,1581,9,0.00569259962049335,0.00299777828450213,0.01078370046146239,37,9197,0.00402305099488963,IRT / Rasch,0.40010321592389214,0.48012385910867056,No clear difference,3,1935,3,2157,0.0015503875968992248,0.0013908205841446453,1,1
nursing_health,"Reliability (alpha, omega, ICC)",Measurement,0.02945351312987934,166,1581,166,0.10499683744465528,0.09083163202741086,0.12107692008628694,547,9197,0.05947591605958464,Reliability,2.246736863452167e-10,1.155464672632543e-9,More common than elsewhere,47,1935,83,2157,0.02428940568475452,0.03847936949466852,0.009667200488238045,0.2122192562706674
nursing_health,t test,Analysis,0.01242015613910575,70,1581,70,0.04427577482605945,0.03519277716543895,0.05556801034123723,185,9197,0.02011525497444819,t test,8.074164288388423e-8,3.334817681708076e-7,More common than elsewhere,31,1935,29,2157,0.016020671834625324,0.013444598980064905,0.516950289948304,0.9504267834200849
nursing_health,ANOVA / ANCOVA / MANOVA,Analysis,0.01419446415897799,80,1581,80,0.05060088551549652,0.04084440909058479,0.06253593722932282,292,9197,0.03174948352723714,ANOVA family,3.205258190149609e-4,7.692619656359061e-4,More common than elsewhere,29,1935,30,2157,0.014987080103359173,0.013908205841446454,0.7940345295232488,0.9504267834200849
nursing_health,Correlation,Analysis,0.06334279630943931,357,1581,357,0.2258064516129032,0.2058754665237836,0.24706665892263432,1578,9197,0.17157768837664455,Correlation,4.503924832264983e-7,1.351177449679495e-6,More common than elsewhere,133,1935,140,2157,0.06873385012919897,0.06490496059341679,0.6606068981007946,0.9504267834200849
nursing_health,Linear / multiple / hierarchical regression,Analysis,0.04453513129879347,251,1581,251,0.15876027830487033,0.1415761278007168,0.1775986742254481,1287,9197,0.1399369359573774,Linear regression,0.05157962128350985,0.08440301664574339,No clear difference,100,1935,92,2157,0.05167958656330749,0.04265183124710246,0.18291062470048722,0.7835478043582405
nursing_health,Logistic / ordinal / multinomial regression,Analysis,0.0333569907735983,188,1581,188,0.11891208096141682,0.10387309825832444,0.1357984832444825,555,9197,0.06034576492334457,Logistic regression,3.063498034644777e-15,1.8380988207868662e-14,More common than elsewhere,83,1935,63,2157,0.04289405684754522,0.02920723226703755,0.022377392250424462,0.2122192562706674
nursing_health,"Count models (Poisson, negative binomial)",Analysis,0.00461320085166784,26,1581,26,0.01644528779253637,0.01124715497253338,0.02398757375592455,122,9197,0.0132651951723388,Count models,0.2943773253421268,0.3784851325827345,No clear difference,6,1935,12,2157,0.0031007751937984496,0.005563282336578581,0.34438073936046076,0.9504267834200849
nursing_health,Chi-square / nonparametric,Analysis,0.02377572746628814,134,1581,134,0.08475648323845668,0.07201380284466982,0.09951216106668744,267,9197,0.02903120582798738,Chi-square / nonparametric,5.803241042099712e-22,2.0891667751558963e-20,More common than elsewhere,61,1935,47,2157,0.03152454780361757,0.021789522484932777,0.06305646831570533,0.4168538165677404
nursing_health,Mediation,Analysis,0.03317955997161107,187,1581,187,0.11827956989247312,0.10327870521169669,0.1351309204097871,1152,9197,0.12525823638142872,Mediation,0.4576430394680991,0.5314564329306958,No clear difference,55,1935,84,2157,0.028423772609819122,0.03894297635605007,0.0694756360946234,0.4168538165677404
nursing_health,Moderation / interactions,Analysis,0.01863023420865862,105,1581,105,0.06641366223908918,0.05516048352488292,0.07976875982810322,807,9197,0.0877460041317821,Moderation,0.004507814285658627,0.00954595966374768,Less common than elsewhere,27,1935,45,2157,0.013953488372093023,0.02086230876216968,0.09679117684060838,0.4977831951802717
nursing_health,SEM / path analysis,Analysis,0.01614620298083747,91,1581,91,0.05755850727387729,0.04711422486254812,0.07014763615191405,451,9197,0.04903772969446558,SEM / path analysis,0.15210585638971208,0.2190324332011854,No clear difference,29,1935,38,2157,0.014987080103359173,0.01761706073249884,0.5390864260346381,0.9504267834200849
nursing_health,Multilevel / mixed-effects models,Analysis,0.01401703335699077,79,1581,79,0.04996837444655281,0.04027703412195584,0.06184135631662862,331,9197,0.03598999673806676,Multilevel models,0.010201916776256368,0.019329947576064696,More common than elsewhere,21,1935,44,2157,0.010852713178294573,0.020398701900788133,0.01689778495013713,0.2122192562706674
nursing_health,Growth curve / trajectories,Analysis,0.00212916962384669,12,1581,12,0.00759013282732447,0.00434718379148751,0.01322016259844644,62,9197,0.00674132869413939,Growth models,0.7407726964758619,0.784347560974442,No clear difference,5,1935,2,2157,0.002583979328165375,9.272137227630969e-4,0.2664410438697972,0.9504267834200849
nursing_health,Latent profile / class / mixture,Analysis,0.00248403122782115,14,1581,14,0.00885515496521189,0.00528212623491732,0.01480913191766291,87,9197,0.00945960639338914,Latent profile / class,1,1,No clear difference,7,1935,5,2157,0.0036175710594315244,0.0023180343069077423,0.5660280411659863,0.9504267834200849
nursing_health,Cluster analysis,Analysis,0.00195173882185947,11,1581,11,0.00695762175838077,0.00388944818540167,0.01241594232320914,89,9197,0.00967706860932913,Cluster analysis,0.3928411232247774,0.48012385910867056,No clear difference,3,1935,5,2157,0.0015503875968992248,0.0023180343069077423,0.7295077296020174,0.9504267834200849
nursing_health,Network analysis (psychometric networks),Analysis,0.00266146202980837,15,1581,15,0.00948766603415559,0.00575803834754403,0.01559517568635934,192,9197,0.02087637273023812,Network analysis,0.001404198976668014,0.0031594476975030316,Less common than elsewhere,8,1935,5,2157,0.004134366925064599,0.0023180343069077423,0.4062530025464083,0.9504267834200849
nursing_health,Machine learning / NLP,Analysis,0.00780695528743789,44,1581,44,0.02783048703352308,0.02079633046673216,0.03715360412554234,751,9197,0.08165706208546265,Machine learning / NLP,5.3088634207996084e-17,4.777977078719648e-16,Less common than elsewhere,14,1935,22,2157,0.007235142118863049,0.010199350950394067,0.32106610004651276,0.9504267834200849
nursing_health,Bayesian,Analysis,0.0014194464158978,8,1581,8,0.00506008855154965,0.00256622936138998,0.0099532935032514,215,9197,0.02337718821354789,Bayesian,8.33704420427019e-8,3.334817681708076e-7,Less common than elsewhere,5,1935,0,2157,0.002583979328165375,0,0.02357991736340749,0.2122192562706674
nursing_health,Survival / time-to-event,Analysis,0.00550035486160397,31,1581,31,0.0196078431372549,0.0138475932053766,0.02769691492969705,144,9197,0.01565727954767859,Survival analysis,0.23753801753015172,0.31671735670686896,No clear difference,10,1935,14,2157,0.00516795865633075,0.006490496059341678,0.6834452319226321,0.9504267834200849
nursing_health,Missing data / multiple imputation,Analysis,0.00106458481192334,6,1581,6,0.00379506641366223,0.00174043833445855,0.00825517276753654,44,9197,0.00478416875067957,Missing data methods,0.8404667808496017,0.8644801174453045,No clear difference,4,1935,1,2157,0.0020671834625322996,4.636068613815484e-4,0.1958869510895601,0.7835478043582405
nursing_health,Dyadic / APIM,Analysis,0.00372604684173172,21,1581,21,0.01328273244781783,0.00870401663590711,0.02022093268593511,112,9197,0.0121778840926389,Dyadic (APIM),0.7111820152168923,0.7758349256911552,No clear difference,9,1935,9,2157,0.004651162790697674,0.004172461752433936,0.8184230635006287,0.9504267834200849
nursing_health,"Time series / dynamic models (VAR, DSEM)",Analysis,0.00266146202980837,15,1581,15,0.00948766603415559,0.00575803834754403,0.01559517568635934,530,9197,0.05762748722409481,Time series,2.4747874639878978e-21,4.454617435178216e-20,Less common than elsewhere,4,1935,6,2157,0.0020671834625322996,0.0027816411682892906,0.7572168453396672,0.9504267834200849
nursing_health,"Text analysis (LIWC, sentiment, topic models)",Analysis,0.00177430801987224,10,1581,10,0.00632511068943706,0.00343929423738207,0.01160414038990559,231,9197,0.02511688594106774,Text analysis,1.6084653438119504e-7,5.26406839793002e-7,Less common than elsewhere,2,1935,5,2157,0.0010335917312661498,0.0023180343069077423,0.4575465624865973,0.9504267834200849
nursing_health,Power analysis reported,Analysis,0,0,1581,0,0,0,0.00242387581405625,6,9197,6.5238664781994e-4,Power analysis,0.6016936705647717,0.6769053793853682,No clear difference,0,1935,0,2157,0,0,1,1
nursing_health,Panel data / fixed effects,Analysis,0.00887154009936124,50,1581,50,0.03162555344718532,0.02407055435467434,0.04145111552553901,791,9197,0.08600630640426225,Panel data / fixed effects,3.2467866320428587e-16,2.3376863750708584e-15,Less common than elsewhere,15,1935,19,2157,0.007751937984496124,0.00880853036624942,0.7337322879867497,0.9504267834200849
nursing_health,"Causal designs (DiD, RDD, IV, synthetic control)",Analysis,0.01117814052519517,63,1581,63,0.03984819734345351,0.03126910294772868,0.05065799338968552,642,9197,0.06980537131673371,"DiD, RDD, IV",3.396135598802204e-6,9.404683196683026e-6,Less common than elsewhere,27,1935,26,2157,0.013953488372093023,0.01205377839592026,0.678266412205559,0.9504267834200849
nursing_health,Propensity scores / matching,Analysis,0.00354861603974449,20,1581,20,0.01265022137887413,0.00820387832244231,0.01945911511807678,74,9197,0.00804610198977927,Propensity scores,0.07792907488075275,0.11689361232112913,No clear difference,6,1935,6,2157,0.0031007751937984496,0.0027816411682892906,1,1
nursing_health,PLS-SEM,Analysis,0.00443577004968062,25,1581,25,0.01581277672359266,0.01073342781176515,0.02323934503536964,195,9197,0.02120256605414809,PLS-SEM,0.17785480625185954,0.2462605009641132,No clear difference,8,1935,13,2157,0.004134366925064599,0.00602688919796013,0.5123677629341672,0.9504267834200849
nursing_health,"Econometric time series (ARDL, GARCH, VECM)",Analysis,1.7743080198722e-4,1,1581,1,6.325110689437e-4,1.1166246070728e-4,0.00357416923467211,281,9197,0.03055344133956725,Econometric time series,2.0563851256108366e-18,2.4676621507330038e-17,Less common than elsewhere,0,1935,0,2157,0,0,1,1
nursing_health,"Efficiency analysis (DEA, stochastic frontier)",Analysis,3.5486160397445e-4,2,1581,2,0.00126502213788741,3.4698327092652e-4,0.00460080430577601,55,9197,0.00598021093834946,Efficiency analysis (DEA),0.013213974701003856,0.022652528058863752,Less common than elsewhere,1,1935,0,2157,5.167958656330749e-4,0,0.4728739002932551,0.9504267834200849
nursing_health,Qualitative comparative analysis (QCA),Analysis,0,0,1581,0,0,0,0.00242387581405625,104,9197,0.01130803522887898,QCA,1.4812636805138808e-7,5.26406839793002e-7,Less common than elsewhere,0,1935,0,2157,0,0,1,1
nursing_health,Spatial analysis / GIS,Analysis,0.0056777856635912,32,1581,32,0.02024035420619861,0.01437333898571551,0.02843312503068128,292,9197,0.03174948352723714,Spatial / GIS,0.01316986009665573,0.022652528058863752,Less common than elsewhere,15,1935,12,2157,0.007751937984496124,0.005563282336578581,0.44187851665220645,0.9504267834200849
nursing_health,Conjoint / discrete choice,Analysis,0.00319375443577005,18,1581,18,0.01138519924098671,0.00721372300951955,0.01792535866835325,195,9197,0.02120256605414809,Conjoint / choice models,0.008013668584901747,0.016027337169803493,Less common than elsewhere,5,1935,7,2157,0.002583979328165375,0.003245248029670839,0.7780526512777285,0.9504267834200849
communication,Scale development / psychometric validation,Measurement,0.0025025025025025,5,376,5,0.01329787234042553,0.00569307277356927,0.03074702231784512,176,10402,0.0169198231109402,Scale development,0.8367019962236246,0.8859197607073672,No clear difference,2,577,2,933,0.0034662045060658577,0.0021436227224008574,0.639170313792665,1
communication,Factor analysis (EFA/CFA),Measurement,0.0045045045045045,9,376,9,0.02393617021276595,0.01264299148652321,0.04485852229141764,179,10402,0.01720822918669486,Factor analysis,0.31240294162358256,0.4336686285401197,No clear difference,3,577,2,933,0.005199306759098787,0.0021436227224008574,0.37645467572736424,1
communication,IRT / Rasch / DIF,Measurement,0.0015015015015015,3,376,3,0.00797872340425531,0.00271712213506496,0.0231922636130862,43,10402,0.00413382041915016,IRT / Rasch,0.2157628435468869,0.3698791603660918,No clear difference,0,577,0,933,0,0,1,1
communication,"Reliability (alpha, omega, ICC)",Measurement,0.01601601601601601,32,376,32,0.0851063829787234,0.06092871253343145,0.11767595869203654,681,10402,0.0654681791963084,Reliability,0.13844561840669395,0.24920211313204912,No clear difference,10,577,17,933,0.01733102253032929,0.01822079314040729,1,1
communication,t test,Analysis,0.005005005005005,10,376,10,0.02659574468085106,0.01450919939065879,0.04825766905891368,245,10402,0.02355316285329744,t test,0.6067335540585018,0.7531864809002092,No clear difference,0,577,7,933,0,0.007502679528403001,0.04855161467971239,1
communication,ANOVA / ANCOVA / MANOVA,Analysis,0.0045045045045045,9,376,9,0.02393617021276595,0.01264299148652321,0.04485852229141764,363,10402,0.03489713516631417,ANOVA family,0.3132051206123087,0.4336686285401197,No clear difference,2,577,2,933,0.0034662045060658577,0.0021436227224008574,0.639170313792665,1
communication,Correlation,Analysis,0.03053053053053053,61,376,61,0.1622340425531915,0.12841810725638372,0.2028818494464011,1874,10402,0.18015766198807923,Correlation,0.4118110847485681,0.5330056965096095,No clear difference,14,577,24,933,0.024263431542461005,0.02572347266881029,1,1
communication,Linear / multiple / hierarchical regression,Analysis,0.02002002002002002,40,376,40,0.10638297872340426,0.07910234065623614,0.14162516794228475,1498,10402,0.1440107671601615,Linear regression,0.04241602552673401,0.09543605743515152,No clear difference,11,577,18,933,0.019064124783362217,0.01929260450160772,1,1
communication,Logistic / ordinal / multinomial regression,Analysis,0.0045045045045045,9,376,9,0.02393617021276595,0.01264299148652321,0.04485852229141764,734,10402,0.07056335320130744,Logistic regression,1.1091019518090961e-4,3.992767026512746e-4,Less common than elsewhere,3,577,6,933,0.005199306759098787,0.006430868167202572,1,1
communication,"Count models (Poisson, negative binomial)",Analysis,0.001001001001001,2,376,2,0.00531914893617021,0.00145991651647559,0.01918411456004395,146,10402,0.01403576235339357,Count models,0.25155866315255343,0.4026843166701104,No clear difference,0,577,1,933,0,0.0010718113612004287,1,1
communication,Chi-square / nonparametric,Analysis,0.003003003003003,6,376,6,0.01595744680851063,0.00733343186439466,0.03437201789865135,395,10402,0.03797346664103057,Chi-square / nonparametric,0.02518670233921418,0.06476580601512218,No clear difference,1,577,4,933,0.0017331022530329288,0.004287245444801715,0.654983566973066,1
communication,Mediation,Analysis,0.04104104104104104,82,376,82,0.21808510638297873,0.1793105762760004,0.26256182853104837,1257,10402,0.1208421457412036,Mediation,2.5064910162951246e-7,3.0077892195541495e-6,More common than elsewhere,19,577,42,933,0.03292894280762565,0.04501607717041801,0.2828585341000595,1
communication,Moderation / interactions,Analysis,0.02952952952952953,59,376,59,0.15691489361702127,0.12364286606901026,0.19712638129051135,853,10402,0.08200346087290905,Moderation,2.8353995604771897e-6,1.6271656400212434e-5,More common than elsewhere,14,577,29,933,0.024263431542461005,0.031082529474812434,0.525118398897108,1
communication,SEM / path analysis,Analysis,0.02052052052052052,41,376,41,0.10904255319148937,0.08140267644888806,0.1445901868212645,501,10402,0.04816381465102865,SEM / path analysis,2.845778543187927e-6,1.6271656400212434e-5,More common than elsewhere,11,577,18,933,0.019064124783362217,0.01929260450160772,1,1
communication,Multilevel / mixed-effects models,Analysis,0.0035035035035035,7,376,7,0.01861702127659574,0.00904670949662746,0.03792409493805017,403,10402,0.03874254950970967,Multilevel models,0.05268328927599146,0.11156461258445251,No clear difference,3,577,3,933,0.005199306759098787,0.003215434083601286,0.6802007149019451,1
communication,Growth curve / trajectories,Analysis,0.0015015015015015,3,376,3,0.00797872340425531,0.00271712213506496,0.0231922636130862,71,10402,0.00682561045952701,Growth models,0.744462688986462,0.864537316242343,No clear difference,1,577,1,933,0.0017331022530329288,0.0010718113612004287,1,1
communication,Latent profile / class / mixture,Analysis,0.0015015015015015,3,376,3,0.00797872340425531,0.00271712213506496,0.0231922636130862,98,10402,0.00942126514131897,Latent profile / class,1,1,No clear difference,2,577,0,933,0.0034662045060658577,0,0.14585862309586184,1
communication,Cluster analysis,Analysis,5.005005005005e-4,1,376,1,0.0026595744680851,4.6963456818568e-4,0.01490904183670225,99,10402,0.00951740049990386,Cluster analysis,0.2675928048843582,0.4026843166701104,No clear difference,0,577,0,933,0,0,1,1
communication,Network analysis (psychometric networks),Analysis,0.01101101101101101,22,376,22,0.05851063829787234,0.03895370654858143,0.08699741796057042,185,10402,0.01778504133820419,Network analysis,3.163933188930195e-6,1.6271656400212434e-5,More common than elsewhere,9,577,10,933,0.01559792027729636,0.010718113612004287,0.4778944850916132,1
communication,Machine learning / NLP,Analysis,0.01951951951951952,39,376,39,0.10372340425531916,0.07680786600121287,0.13865428792567644,756,10402,0.07267833109017496,Machine learning / NLP,0.02712974525759497,0.06511138861822792,No clear difference,12,577,16,933,0.02079722703639515,0.01714898177920686,0.695357856579821,1
communication,Bayesian,Analysis,0.0015015015015015,3,376,3,0.00797872340425531,0.00271712213506496,0.0231922636130862,220,10402,0.02114977888867525,Bayesian,0.09358437084182505,0.1871687416836501,No clear difference,1,577,1,933,0.0017331022530329288,0.0010718113612004287,1,1
communication,Survival / time-to-event,Analysis,0,0,376,0,0,-8.6736173798840345e-19,0.01011332173325632,175,10402,0.01682368775235531,Survival analysis,0.0030881173937588745,0.009264352181276624,Less common than elsewhere,0,577,0,933,0,0,1,1
communication,Missing data / multiple imputation,Analysis,0.001001001001001,2,376,2,0.00531914893617021,0.00145991651647559,0.01918411456004395,48,10402,0.0046144972120746,Missing data methods,0.6936376987111816,0.8323652384534179,No clear difference,0,577,2,933,0,0.0021436227224008574,0.5274788355956974,1
communication,Dyadic / APIM,Analysis,0.0025025025025025,5,376,5,0.01329787234042553,0.00569307277356927,0.03074702231784512,128,10402,0.0123053258988656,Dyadic (APIM),0.809995824803056,0.883631808876061,No clear difference,0,577,2,933,0,0.0021436227224008574,0.5274788355956974,1
communication,"Time series / dynamic models (VAR, DSEM)",Analysis,0.002002002002002,4,376,4,0.01063829787234042,0.00414458701437741,0.02703015340540536,541,10402,0.05200922899442415,Time series,3.664128951622058e-5,1.648858028229926e-4,Less common than elsewhere,2,577,2,933,0.0034662045060658577,0.0021436227224008574,0.639170313792665,1
communication,"Text analysis (LIWC, sentiment, topic models)",Analysis,0.01451451451451451,29,376,29,0.07712765957446809,0.05423546765301734,0.10857313955755582,212,10402,0.02038069601999615,Text analysis,5.1012894058506395e-9,9.182320930531151e-8,More common than elsewhere,11,577,13,933,0.019064124783362217,0.013933547695605574,0.5260515645496849,1
communication,Power analysis reported,Analysis,0,0,376,0,0,-8.6736173798840345e-19,0.01011332173325632,6,10402,5.7681215150932e-4,Power analysis,1,1,No clear difference,0,577,0,933,0,0,1,1
communication,Panel data / fixed effects,Analysis,0.002002002002002,4,376,4,0.01063829787234042,0.00414458701437741,0.02703015340540536,837,10402,0.08046529513555085,Panel data / fixed effects,3.3005828691589082e-9,9.182320930531151e-8,Less common than elsewhere,2,577,2,933,0.0034662045060658577,0.0021436227224008574,0.639170313792665,1
communication,"Causal designs (DiD, RDD, IV, synthetic control)",Analysis,0.0025025025025025,5,376,5,0.01329787234042553,0.00569307277356927,0.03074702231784512,700,10402,0.06729475100942127,"DiD, RDD, IV",1.906388067602391e-6,1.6271656400212434e-5,Less common than elsewhere,1,577,4,933,0.0017331022530329288,0.004287245444801715,0.654983566973066,1
communication,Propensity scores / matching,Analysis,0.001001001001001,2,376,2,0.00531914893617021,0.00145991651647559,0.01918411456004395,92,10402,0.00884445298980965,Propensity scores,0.7742889064085686,0.8710750197096397,No clear difference,1,577,1,933,0.0017331022530329288,0.0010718113612004287,1,1
communication,PLS-SEM,Analysis,0.01001001001001001,20,376,20,0.05319148936170213,0.03469396355291832,0.08072645161297029,200,10402,0.0192270717169775,PLS-SEM,8.560323739086834e-5,3.4241294956347337e-4,More common than elsewhere,4,577,13,933,0.006932409012131715,0.013933547695605574,0.3153765351202096,1
communication,"Econometric time series (ARDL, GARCH, VECM)",Analysis,0.001001001001001,2,376,2,0.00531914893617021,0.00145991651647559,0.01918411456004395,280,10402,0.0269179004037685,Econometric time series,0.004663573224594339,0.012914510468107399,Less common than elsewhere,0,577,2,933,0,0.0021436227224008574,0.5274788355956974,1
communication,"Efficiency analysis (DEA, stochastic frontier)",Analysis,0,0,376,0,0,-8.6736173798840345e-19,0.01011332173325632,57,10402,0.00547971543933858,Efficiency analysis (DEA),0.26845621111340695,0.4026843166701104,No clear difference,0,577,0,933,0,0,1,1
communication,Qualitative comparative analysis (QCA),Analysis,0.0025025025025025,5,376,5,0.01329787234042553,0.00569307277356927,0.03074702231784512,99,10402,0.00951740049990386,QCA,0.4145599861741407,0.5330056965096095,No clear difference,0,577,5,933,0,0.0053590568060021436,0.16336719023811944,1
communication,Spatial analysis / GIS,Analysis,0.001001001001001,2,376,2,0.00531914893617021,0.00145991651647559,0.01918411456004395,322,10402,0.03095558546433378,Spatial / GIS,0.001699928216478546,0.00556340143574797,Less common than elsewhere,1,577,1,933,0.0017331022530329288,0.0010718113612004287,1,1
communication,Conjoint / discrete choice,Analysis,0.0015015015015015,3,376,3,0.00797872340425531,0.00271712213506496,0.0231922636130862,210,10402,0.02018842530282637,Conjoint / choice models,0.12671832205728123,0.24009787337169075,No clear difference,2,577,0,933,0.0034662045060658577,0,0.14585862309586184,1
all,Scale development / psychometric validation,Measurement,0.00356306226500521,181,10778,181,0.0167934681759139,0.01453406680141139,0.0193971925550265,NA,NA,NA,Scale development,NA,NA,No clear difference,60,15702,81,20636,0.0038211692777990066,0.003925179298313626,0.9321840258518781,1
all,Factor analysis (EFA/CFA),Measurement,0.00370086025315458,188,10778,188,0.01744293932083874,0.01513779534896749,0.02009194349758271,NA,NA,NA,Factor analysis,NA,NA,No clear difference,63,15702,65,20636,0.004012227741688957,0.0031498352393874783,0.18036253090605575,0.341739532243053
all,IRT / Rasch / DIF,Measurement,9.0552963641016e-4,46,10778,46,0.00426795323807756,0.00320146287432309,0.00568769202994873,NA,NA,NA,IRT / Rasch,NA,NA,No clear difference,12,15702,19,20636,7.642338555598013e-4,9.207210699748013e-4,0.7179311123070536,0.8615173347684644
all,"Reliability (alpha, omega, ICC)",Measurement,0.01403570936435756,713,10778,713,0.06615327519020227,0.06161376805491395,0.07100193255005988,NA,NA,NA,Reliability,NA,NA,No clear difference,171,15702,382,20636,0.010890332441727168,0.018511339406861796,2.6189961766616427e-9,4.714193117990957e-8
all,t test,Analysis,0.00501978385401287,255,10778,255,0.02365930599369085,0.02095518546573006,0.02670285707189514,NA,NA,NA,t test,NA,NA,No clear difference,88,15702,106,20636,0.0056043816074385425,0.005136654390385733,0.5614433416799569,0.6969641482923603
all,ANOVA / ANCOVA / MANOVA,Analysis,0.00732297879879525,372,10778,372,0.034514752273149,0.03123091595963573,0.03813028376986674,NA,NA,NA,ANOVA family,NA,NA,No clear difference,106,15702,155,20636,0.006750732390778245,0.0075111455708470635,0.41530368369552234,0.5339618790371002
all,Correlation,Analysis,0.0380913010098624,1935,10778,1935,0.17953238077565412,0.1724012383340797,0.1868918818305011,NA,NA,NA,Correlation,NA,NA,No clear difference,630,15702,768,20636,0.04012227741688957,0.03721651482845513,0.1602881413212792,0.3270911374095967
all,Linear / multiple / hierarchical regression,Analysis,0.0302761865391051,1538,10778,1538,0.14269808869920209,0.13622213285886356,0.14942865050934737,NA,NA,NA,Linear regression,NA,NA,No clear difference,498,15702,690,20636,0.03171570500573175,0.033436712541190156,0.37176266684545006,0.4956835557939334
all,Logistic / ordinal / multinomial regression,Analysis,0.01462627217071202,743,10778,743,0.06893672295416589,0.06430576398590532,0.07387484871954983,NA,NA,NA,Logistic regression,NA,NA,No clear difference,268,15702,313,20636,0.017067889440835562,0.015167668152742779,0.16354556870479836,0.3270911374095967
all,"Count models (Poisson, negative binomial)",Analysis,0.00291344317801531,148,10778,148,0.0137316756355539,0.01170145595371982,0.01610840009218858,NA,NA,NA,Count models,NA,NA,No clear difference,41,15702,67,20636,0.0026111323398293213,0.003246753246753247,0.28582935776893365,0.44738508172528746
all,Chi-square / nonparametric,Analysis,0.00789385617827122,401,10778,401,0.03720541844498051,0.03379400991383458,0.0409466048461332,NA,NA,NA,Chi-square / nonparametric,NA,NA,No clear difference,142,15702,164,20636,0.009043433957457648,0.007947276603993022,0.2709883976771661,0.44738508172528746
all,Mediation,Analysis,0.02635878659028721,1339,10778,1339,0.12423455186491,0.11814088485208228,0.13059598158293567,NA,NA,NA,Mediation,NA,NA,No clear difference,365,15702,655,20636,0.023245446439943956,0.03174064741228921,1.0580401331936617e-6,9.522361198742954e-6
all,Moderation / interactions,Analysis,0.01795310931317545,912,10778,912,0.08461681202449434,0.0795094339639474,0.09002018357421936,NA,NA,NA,Moderation,NA,NA,No clear difference,264,15702,407,20636,0.016813144822315627,0.019722814498933903,0.04479290770853239,0.124041898269782
all,SEM / path analysis,Analysis,0.01066950136813716,542,10778,542,0.05028762293560957,0.04631969955398574,0.05457600207824437,NA,NA,NA,SEM / path analysis,NA,NA,No clear difference,143,15702,249,20636,0.009107120112087632,0.012066291917038187,0.007611005045299321,0.027399618163077556
all,Multilevel / mixed-effects models,Analysis,0.00807102502017756,410,10778,410,0.0380404527741696,0.03459049955578403,0.04181958883432816,NA,NA,NA,Multilevel models,NA,NA,No clear difference,118,15702,204,20636,0.007514966246338046,0.009885636751308394,0.01757301165038918,0.05271903495116754
all,Growth curve / trajectories,Analysis,0.00145672158900765,74,10778,74,0.00686583781777695,0.00547300151488163,0.00861007134983945,NA,NA,NA,Growth models,NA,NA,No clear difference,18,15702,37,20636,0.0011463507833397019,0.0017929831362667183,0.134200814787259,0.3220819554894216
all,Latent profile / class / mixture,Analysis,0.00198822811472666,101,10778,101,0.00937094080534422,0.00771871669578652,0.01137277705936777,NA,NA,NA,Latent profile / class,NA,NA,No clear difference,37,15702,47,20636,0.0023563877213093874,0.002277573173095561,0.9123972673521505,1
all,Cluster analysis,Analysis,0.00196854268784818,100,10778,100,0.00927815921321209,0.00763486462775225,0.011271132057386,NA,NA,NA,Cluster analysis,NA,NA,No clear difference,36,15702,47,20636,0.0022927015666794038,0.002277573173095561,1,1
all,Network analysis (psychometric networks),Analysis,0.00407488336384574,207,10778,207,0.01920578957134904,0.01678079668637803,0.02197338649047703,NA,NA,NA,Network analysis,NA,NA,No clear difference,62,15702,99,20636,0.003948541587058973,0.004797441364605544,0.23291124066632282,0.4192402331993811
all,Machine learning / NLP,Analysis,0.01564991436839307,795,10778,795,0.07376136574503618,0.06897713887951375,0.07884932146677574,NA,NA,NA,Machine learning / NLP,NA,NA,No clear difference,203,15702,394,20636,0.01292828938988664,0.019092847451056407,4.341007879381322e-6,3.125525673154552e-5
all,Bayesian,Analysis,0.00438985019390145,223,10778,223,0.02069029504546298,0.01816878683365849,0.02355334946345329,NA,NA,NA,Bayesian,NA,NA,No clear difference,67,15702,89,20636,0.0042669723602088904,0.004312851327776701,1,1
all,Survival / time-to-event,Analysis,0.00344494970373432,175,10778,175,0.01623677862312117,0.01401732431937249,0.01880095261696912,NA,NA,NA,Survival analysis,NA,NA,No clear difference,60,15702,80,20636,0.0038211692777990066,0.0038767202946307423,1,1
all,Missing data / multiple imputation,Analysis,9.8427134392409e-4,50,10778,50,0.00463907960660604,0.00352083691109227,0.00611030627324373,NA,NA,NA,Missing data methods,NA,NA,No clear difference,13,15702,25,20636,8.279200101897848e-4,0.001211475092072107,0.3260337823077167,0.4514313908876077
all,Dyadic / APIM,Analysis,0.00261816177483808,133,10778,133,0.01233995175357209,0.01042263994216992,0.01460476005349781,NA,NA,NA,Dyadic (APIM),NA,NA,No clear difference,50,15702,53,20636,0.003184307731499172,0.0025683271951928667,0.27523540895543275,0.44738508172528746
all,"Time series / dynamic models (VAR, DSEM)",Analysis,0.01072855764877261,545,10778,545,0.05056596771200594,0.04658716290438299,0.05486502993789526,NA,NA,NA,Time series,NA,NA,No clear difference,142,15702,242,20636,0.009043433957457648,0.011727078891257996,0.012953343676810227,0.0423927611241062
all,"Text analysis (LIWC, sentiment, topic models)",Analysis,0.00474418787771412,241,10778,241,0.02236036370384115,0.01973454684320715,0.02532653671419343,NA,NA,NA,Text analysis,NA,NA,No clear difference,58,15702,123,20636,0.00369379696853904,0.0059604574529947664,0.002534473461522248,0.010137893846088993
all,Power analysis reported,Analysis,1.1811256127089e-4,6,10778,6,5.5668955279272e-4,2.5515999842801e-4,0.00121411210520201,NA,NA,NA,Power analysis,NA,NA,No clear difference,2,15702,3,20636,1.273723092599669e-4,1.4537701104865285e-4,1,1
all,Panel data / fixed effects,Analysis,0.01655544400480324,841,10778,841,0.07802931898311374,0.07311465061173268,0.08324467495529488,NA,NA,NA,Panel data / fixed effects,NA,NA,No clear difference,188,15702,438,20636,0.011972997070436886,0.021225043613103314,1.0789616346010906e-11,3.8842618845639263e-10
all,"Causal designs (DiD, RDD, IV, synthetic control)",Analysis,0.01387822594932971,705,10778,705,0.0654110224531453,0.06089629822271072,0.07023542582213471,NA,NA,NA,"DiD, RDD, IV",NA,NA,No clear difference,191,15702,355,20636,0.012164055534326838,0.01720294630742392,8.692771180811138e-5,4.470568035845729e-4
all,Propensity scores / matching,Analysis,0.00185043012657729,94,10778,94,0.00872146966041937,0.00713273079986411,0.01066028346517787,NA,NA,NA,Propensity scores,NA,NA,No clear difference,23,15702,46,20636,0.0014647815564896192,0.002229114169412677,0.11355879585450752,0.2920083321973051
all,PLS-SEM,Analysis,0.004330793913266,220,10778,220,0.02041195026906661,0.0179082539140584,0.02325739117300524,NA,NA,NA,PLS-SEM,NA,NA,No clear difference,47,15702,120,20636,0.0029932492676092216,0.005815080441946114,8.033610886536881e-5,4.470568035845729e-4
all,"Econometric time series (ARDL, GARCH, VECM)",Analysis,0.00555129037973188,282,10778,282,0.02616440898125812,0.02331550034120174,0.02935096308685669,NA,NA,NA,Econometric time series,NA,NA,No clear difference,60,15702,140,20636,0.0038211692777990066,0.0067842605156037995,1.3840054260470276e-4,6.228024417211625e-4
all,"Efficiency analysis (DEA, stochastic frontier)",Analysis,0.00112206933207346,57,10778,57,0.00528855075153089,0.00408446395927543,0.00684515871517288,NA,NA,NA,Efficiency analysis (DEA),NA,NA,No clear difference,10,15702,23,20636,6.368615462998344e-4,0.0011145570847063385,0.1603445541705264,0.3270911374095967
all,Qualitative comparative analysis (QCA),Analysis,0.00204728439536211,104,10778,104,0.00964928558174058,0.00797053902113096,0.01167744594407146,NA,NA,NA,QCA,NA,NA,No clear difference,15,15702,70,20636,9.552923194497516e-4,0.0033921302578018998,8.148679045523106e-7,9.522361198742954e-6
all,Spatial analysis / GIS,Analysis,0.00637807830862812,324,10778,324,0.0300612358508072,0.02700119882885393,0.03345614153987839,NA,NA,NA,Spatial / GIS,NA,NA,No clear difference,99,15702,149,20636,0.006304929308368361,0.007220391548749758,0.30402766613978377,0.4500373188766119
all,Conjoint / discrete choice,Analysis,0.00419299592511663,213,10778,213,0.01976247912414177,0.01730084791323756,0.02256631768371376,NA,NA,NA,Conjoint / choice models,NA,NA,No clear difference,56,15702,88,20636,0.0035664246592790726,0.0042643923240938165,0.31252591588653605,0.4500373188766119
us,Scale development / psychometric validation,Measurement,0.00421559771153267,14,898,14,0.01559020044543429,0.00930913119506803,0.02599802680673226,167,9880,0.01690283400809716,Scale development,0.8921613692398114,1,No clear difference,8,1463,2,922,0.005468215994531784,0.0021691973969631237,0.3335461959083471,0.8547572478121943
us,Factor analysis (EFA/CFA),Measurement,0.006323396567299,21,898,21,0.02338530066815145,0.01534554265694416,0.03548540820459727,167,9880,0.01690283400809716,Factor analysis,0.1807564468601548,0.32536160434827865,No clear difference,8,1463,4,922,0.005468215994531784,0.004338394793926247,0.7759701616309574,1
us,IRT / Rasch / DIF,Measurement,0,0,898,0,0,0,0.004259572282318,46,9880,0.00465587044534413,IRT / Rasch,0.0304849870464841,0.0844199641287252,No clear difference,0,1463,0,922,0,0,1,1
us,"Reliability (alpha, omega, ICC)",Measurement,0.00782896717856067,26,898,26,0.02895322939866369,0.01983388420586268,0.04208549012692242,687,9880,0.06953441295546559,Reliability,3.5704105883531515e-7,1.2853478118071346e-5,Less common than elsewhere,7,1463,9,922,0.004784688995215311,0.009761388286334056,0.196800404739332,0.8547572478121943
us,t test,Analysis,0.01174345076784101,39,898,39,0.04342984409799554,0.03193065820224834,0.05881861715577033,216,9880,0.02186234817813765,t test,1.9899472994795587e-4,0.0017909525695316028,More common than elsewhere,20,1463,9,922,0.01367053998632946,0.009761388286334056,0.447949710701383,0.8547572478121943
us,ANOVA / ANCOVA / MANOVA,Analysis,0.00903342366757,30,898,30,0.0334075723830735,0.02349975919271236,0.0472903539170677,342,9880,0.03461538461538462,ANOVA family,0.9240419141479327,1,No clear difference,18,1463,4,922,0.012303485987696514,0.004338394793926247,0.04973481271071687,0.44761331439645186
us,Correlation,Analysis,0.05600722673893405,186,898,186,0.2071269487750557,0.1818964312443131,0.23485249416826964,1749,9880,0.17702429149797572,Correlation,0.026069186421704648,0.07820755926511394,No clear difference,89,1463,48,922,0.060833902939166094,0.052060737527114966,0.41623822079477313,0.8547572478121943
us,Linear / multiple / hierarchical regression,Analysis,0.04426377597109304,147,898,147,0.16369710467706014,0.14093892980542333,0.1893202925314587,1391,9880,0.14078947368421052,Linear regression,0.06510213791595551,0.1562451309982932,No clear difference,70,1463,42,922,0.04784688995215311,0.0455531453362256,0.8428129498810848,1
us,Logistic / ordinal / multinomial regression,Analysis,0.02619692863595302,87,898,87,0.09688195991091314,0.07921754956411851,0.11798059111783948,656,9880,0.06639676113360324,Logistic regression,9.299484417401515e-4,0.0055796906504409095,More common than elsewhere,47,1463,24,922,0.03212576896787423,0.026030368763557483,0.4583235189300546,0.8547572478121943
us,"Count models (Poisson, negative binomial)",Analysis,0.00150557061126166,5,898,5,0.00556792873051224,0.0023805616013521,0.01296743415220957,143,9880,0.01447368421052631,Count models,0.023921435504744206,0.07820755926511394,No clear difference,2,1463,2,922,0.001367053998632946,0.0021691973969631237,0.6429143538398466,1
us,Chi-square / nonparametric,Analysis,0.01174345076784101,39,898,39,0.04342984409799554,0.03193065820224834,0.05881861715577033,362,9880,0.03663967611336032,Chi-square / nonparametric,0.3103700020615694,0.4655550030923541,No clear difference,29,1463,5,922,0.019822282980177717,0.005422993492407809,0.0038593035698388143,0.1389349285141973
us,Mediation,Analysis,0.02981029810298103,99,898,99,0.11024498886414254,0.09139708089371162,0.13241327611923118,1240,9880,0.12550607287449392,Mediation,0.20457362568035847,0.3353031291298395,No clear difference,42,1463,33,922,0.028708133971291867,0.03579175704989154,0.33754977273601705,0.8547572478121943
us,Moderation / interactions,Analysis,0.03101475459199036,103,898,103,0.11469933184855234,0.09547850050202691,0.13720259528791082,809,9880,0.08188259109311741,Moderation,0.0011027499615924904,0.005671285516761379,More common than elsewhere,49,1463,25,922,0.03349282296650718,0.027114967462039046,0.39914366022847825,0.8547572478121943
us,SEM / path analysis,Analysis,0.00752785305630834,25,898,25,0.02783964365256125,0.01892708442489253,0.04077460521364384,517,9880,0.05232793522267207,SEM / path analysis,7.661684799243069e-4,0.00551641305545501,Less common than elsewhere,12,1463,6,922,0.008202323991797676,0.006507592190889371,0.8092715117342278,1
us,Multilevel / mixed-effects models,Analysis,0.00993676603432701,33,898,33,0.03674832962138084,0.02628479937028966,0.05115836782223661,377,9880,0.0381578947368421,Multilevel models,0.9273736821063367,1,No clear difference,17,1463,11,922,0.01161995898838004,0.01193058568329718,1,1
us,Growth curve / trajectories,Analysis,0.00240891297801866,8,898,8,0.00890868596881959,0.00452094758631762,0.01748010224999026,66,9880,0.00668016194331983,Growth models,0.3984098908036083,0.5516444641896114,No clear difference,1,1463,5,922,6.83526999316473e-4,0.005422993492407809,0.03493715995149752,0.44761331439645186
us,Latent profile / class / mixture,Analysis,0.00240891297801866,8,898,8,0.00890868596881959,0.00452094758631762,0.01748010224999026,93,9880,0.00941295546558704,Latent profile / class,0.9999999999999999,1,No clear difference,5,1463,2,922,0.003417634996582365,0.0021691973969631237,0.7132852967171811,1
us,Cluster analysis,Analysis,0.00120445648900933,4,898,4,0.00445434298440979,0.00173352944627012,0.01139678161304281,96,9880,0.0097165991902834,Cluster analysis,0.14366742053512194,0.27221195469812576,No clear difference,1,1463,1,922,6.83526999316473e-4,0.0010845986984815619,1,1
us,Network analysis (psychometric networks),Analysis,0.003613369467028,12,898,12,0.01336302895322939,0.00766048921264915,0.02321129940065367,195,9880,0.01973684210526315,Network analysis,0.20490746780156857,0.3353031291298395,No clear difference,4,1463,4,922,0.002734107997265892,0.004338394793926247,0.4955173699522402,0.8547572478121943
us,Machine learning / NLP,Analysis,0.01776573321288768,59,898,59,0.06570155902004454,0.05127587432047147,0.08382709492252191,736,9880,0.07449392712550608,Machine learning / NLP,0.38570593633279593,0.5516444641896114,No clear difference,25,1463,12,922,0.017088174982911826,0.013015184381778741,0.49860839455711337,0.8547572478121943
us,Bayesian,Analysis,0.003613369467028,12,898,12,0.01336302895322939,0.00766048921264915,0.02321129940065367,211,9880,0.02135627530364372,Bayesian,0.11213830616952655,0.2242766123390531,No clear difference,6,1463,3,922,0.004101161995898838,0.0032537960954446853,1,1
us,Survival / time-to-event,Analysis,0.00511894007828967,17,898,17,0.01893095768374165,0.01185266164791818,0.03010755043662831,158,9880,0.01599190283400809,Survival analysis,0.48966561859744306,0.6528874914632574,No clear difference,8,1463,3,922,0.005468215994531784,0.0032537960954446853,0.5456691451015883,0.8929131465298717
us,Missing data / multiple imputation,Analysis,0.00120445648900933,4,898,4,0.00445434298440979,0.00173352944627012,0.01139678161304281,46,9880,0.00465587044534413,Missing data methods,1,1,No clear difference,2,1463,1,922,0.001367053998632946,0.0010845986984815619,1,1
us,Dyadic / APIM,Analysis,0.002710027100271,9,898,9,0.01002227171492205,0.00528157831581868,0.01893715621473793,124,9880,0.01255060728744939,Dyadic (APIM),0.6355874880752242,0.8171839132395741,No clear difference,4,1463,3,922,0.002734107997265892,0.0032537960954446853,1,1
us,"Time series / dynamic models (VAR, DSEM)",Analysis,0.00692562481180367,23,898,23,0.02561247216035634,0.0171266344224771,0.0381396858275618,522,9880,0.05283400809716599,Time series,1.6823498193003586e-4,0.0017909525695316028,Less common than elsewhere,9,1463,8,922,0.006151742993848257,0.008676789587852495,0.46649008804485587,0.8547572478121943
us,"Text analysis (LIWC, sentiment, topic models)",Analysis,0.006323396567299,21,898,21,0.02338530066815145,0.01534554265694416,0.03548540820459727,220,9880,0.02226720647773279,Text analysis,0.8133425455382186,0.9760110546458622,No clear difference,7,1463,8,922,0.004784688995215311,0.008676789587852495,0.29000583280580783,0.8547572478121943
us,Power analysis reported,Analysis,0,0,898,0,0,0,0.004259572282318,6,9880,6.0728744939271e-4,Power analysis,1,1,No clear difference,0,1463,0,922,0,0,1,1
us,Panel data / fixed effects,Analysis,0.01385124962360734,46,898,46,0.05122494432071269,0.03862194033306142,0.0676511278846984,795,9880,0.08046558704453441,Panel data / fixed effects,0.0014021756107514569,0.006309790248381556,Less common than elsewhere,18,1463,16,922,0.012303485987696514,0.01735357917570499,0.3753189234732202,0.8547572478121943
us,"Causal designs (DiD, RDD, IV, synthetic control)",Analysis,0.02017464619090635,67,898,67,0.07461024498886415,0.05917753480810081,0.09366691198888248,638,9880,0.0645748987854251,"DiD, RDD, IV",0.2589108629528402,0.4052517854914021,No clear difference,25,1463,28,922,0.017088174982911826,0.03036876355748373,0.044738180889830934,0.44761331439645186
us,Propensity scores / matching,Analysis,0.00391448358928033,13,898,13,0.01447661469933184,0.00847946378413878,0.02461000952341277,81,9880,0.00819838056680162,Propensity scores,0.05999518160241182,0.15427332412048755,No clear difference,8,1463,1,922,0.005468215994531784,0.0010845986984815619,0.16638389200428186,0.8547572478121943
us,PLS-SEM,Analysis,6.0222824450466e-4,2,898,2,0.00222717149220489,6.1098337590905e-4,0.00808395829490642,218,9880,0.02206477732793522,PLS-SEM,1.6097544451204736e-6,2.8975580012168522e-5,Less common than elsewhere,0,1463,2,922,0,0.0021691973969631237,0.1493467983622473,0.8547572478121943
us,"Econometric time series (ARDL, GARCH, VECM)",Analysis,0.00331225534477567,11,898,11,0.01224944320712694,0.00685345156034476,0.02180065235870932,271,9880,0.02742914979757085,Econometric time series,0.004287614849128424,0.017150459396513697,Less common than elsewhere,4,1463,4,922,0.002734107997265892,0.004338394793926247,0.4955173699522402,0.8547572478121943
us,"Efficiency analysis (DEA, stochastic frontier)",Analysis,3.0111412225233e-4,1,898,1,0.00111358574610244,1.9660227986764e-4,0.00628065469669909,56,9880,0.00566801619433198,Efficiency analysis (DEA),0.08778447646994922,0.19751507205738575,No clear difference,0,1463,0,922,0,0,1,1
us,Qualitative comparative analysis (QCA),Analysis,0.00210779885576633,7,898,7,0.00779510022271714,0.00378098510700644,0.0160023800350527,97,9880,0.00981781376518218,QCA,0.7206428762352088,0.8945911567057765,No clear difference,3,1463,3,922,0.002050580997949419,0.0032537960954446853,0.6822542178059816,1
us,Spatial analysis / GIS,Analysis,0.01234567901234567,41,898,41,0.04565701559020044,0.03383203809708408,0.06135260664943205,283,9880,0.02864372469635627,Spatial / GIS,0.007551168829099847,0.02718420778475945,More common than elsewhere,21,1463,8,922,0.014354066985645933,0.008676789587852495,0.253343178914381,0.8547572478121943
us,Conjoint / discrete choice,Analysis,0.00331225534477567,11,898,11,0.01224944320712694,0.00685345156034476,0.02180065235870932,202,9880,0.02044534412955465,Conjoint / choice models,0.10261562397029894,0.21730367429004482,No clear difference,3,1463,6,922,0.002050580997949419,0.006507592190889371,0.0969183092938276,0.6978118269155587
other,Scale development / psychometric validation,Measurement,0.00351741859387505,167,9880,167,0.01690283400809716,0.01454232564772163,0.01963886395217049,14,898,0.01559020044543429,Scale development,0.8921613692398114,1,No clear difference,52,14239,79,19714,0.0036519418498490064,0.004007304453687735,0.657640600786214,0.845537915296561
other,Factor analysis (EFA/CFA),Measurement,0.00351741859387505,167,9880,167,0.01690283400809716,0.01454232564772163,0.01963886395217049,21,898,0.02338530066815145,Factor analysis,0.1807564468601548,0.32536160434827865,No clear difference,55,14239,61,19714,0.0038626308027249106,0.003094247742720909,0.25805646929464826,0.4423825187908256
other,IRT / Rasch / DIF,Measurement,9.6886979232486e-4,46,9880,46,0.00465587044534413,0.00349259169132986,0.0062041906053120896,0,898,0,IRT / Rasch,0.0304849870464841,0.0844199641287252,No clear difference,12,14239,19,19714,8.427558115036168e-4,9.637820837983159e-4,0.8559361783262485,0.9839487074351669
other,"Reliability (alpha, omega, ICC)",Measurement,0.01446985972450398,687,9880,687,0.06953441295546559,0.06468433968382994,0.07471909617796374,26,898,0.02895322939866369,Reliability,3.5704105883531515e-7,1.2853478118071346e-5,More common than elsewhere,164,14239,373,19714,0.011517662757216097,0.018920564066145885,5.1737646907176154e-8,9.312776443291708e-7
other,t test,Analysis,0.00454947554656893,216,9880,216,0.02186234817813765,0.01915927151092051,0.02493709129442002,39,898,0.04342984409799554,t test,1.9899472994795587e-4,0.0017909525695316028,Less common than elsewhere,68,14239,97,19714,0.004775616265187162,0.00492036116465456,0.8746210732757039,0.9839487074351669
other,ANOVA / ANCOVA / MANOVA,Analysis,0.00720333628206748,342,9880,342,0.03461538461538462,0.03118784790636107,0.03840467457013254,30,898,0.0334075723830735,ANOVA family,0.9240419141479327,1,No clear difference,88,14239,151,19714,0.006180209284359857,0.007659531297555037,0.11447909676073109,0.257577967711645
other,Correlation,Analysis,0.03683811449513459,1749,9880,1749,0.17702429149797572,0.16962396918843073,0.1846756696159388,186,898,0.2071269487750557,Correlation,0.026069186421704648,0.07820755926511394,No clear difference,541,14239,720,19714,0.03799424116862139,0.036522268438673025,0.48530365607575465,0.6988372647490867
other,Linear / multiple / hierarchical regression,Analysis,0.02929778002443237,1391,9880,1391,0.14078947368421052,0.13407088534639586,0.14778728391612603,147,898,0.16369710467706014,Linear regression,0.06510213791595551,0.1562451309982932,No clear difference,428,14239,648,19714,0.030058290610295666,0.03287004159480572,0.14876549830931024,0.3150328199491276
other,Logistic / ordinal / multinomial regression,Analysis,0.01381692573402417,656,9880,656,0.06639676113360324,0.06165399470285968,0.07147657647793604,87,898,0.09688195991091314,Logistic regression,9.299484417401515e-4,0.0055796906504409095,Less common than elsewhere,221,14239,289,19714,0.015520752861858276,0.0146596327483007,0.5269816715439806,0.7228778010636121
other,"Count models (Poisson, negative binomial)",Analysis,0.00301192131092295,143,9880,143,0.01447368421052631,0.01230028422427845,0.01702449400967975,5,898,0.00556792873051224,Count models,0.023921435504744206,0.07820755926511394,No clear difference,39,14239,65,19714,0.0027389563873867545,0.00329714923404687,0.3723655736722505,0.57734877260433
other,Chi-square / nonparametric,Analysis,0.0076245840178609,362,9880,362,0.03663967611336032,0.0331115232416158,0.0405280087064894,39,898,0.04342984409799554,Chi-square / nonparametric,0.3103700020615694,0.4655550030923541,No clear difference,113,14239,159,19714,0.007935950558325725,0.008065334280206959,0.9508265935963587,1
other,Mediation,Analysis,0.02611735961919204,1240,9880,1240,0.12550607287449392,0.11911875720393315,0.13218449054792114,99,898,0.11024498886414254,Mediation,0.20457362568035847,0.3353031291298395,No clear difference,323,14239,622,19714,0.02268417725963902,0.03155118190118698,8.48998820203195e-7,6.1127915054630045e-6
other,Moderation / interactions,Analysis,0.01703947091284384,809,9880,809,0.08188259109311741,0.07663722635805256,0.08745296728057186,103,898,0.11469933184855234,Moderation,0.0011027499615924904,0.005671285516761379,Less common than elsewhere,215,14239,382,19714,0.015099374956106469,0.0193770924216293,0.0029641709306092736,0.011856683722437094
other,SEM / path analysis,Analysis,0.01088925397025991,517,9880,517,0.05232793522267207,0.04810831409821414,0.05689554125488095,25,898,0.02783964365256125,SEM / path analysis,7.661684799243069e-4,0.00551641305545501,More common than elsewhere,131,14239,243,19714,0.00920008427558115,0.012326265598052145,0.007129401371264371,0.023332586305956127
other,Multilevel / mixed-effects models,Analysis,0.00794051981970597,377,9880,377,0.0381578947368421,0.03455628520692488,0.04211850384488903,33,898,0.03674832962138084,Multilevel models,0.9273736821063367,1,No clear difference,101,14239,193,19714,0.007093194746822108,0.00978999695647763,0.008903554459300838,0.024655996964217705
other,Growth curve / trajectories,Analysis,0.00139011752811828,66,9880,66,0.00668016194331983,0.0052545730162277,0.00848921875202585,8,898,0.00890868596881959,Growth models,0.3984098908036083,0.5516444641896114,No clear difference,17,14239,32,19714,0.0011939040662967905,0.00162321193060769,0.38489918173622,0.57734877260433
other,Latent profile / class / mixture,Analysis,0.0019588019714394,93,9880,93,0.00941295546558704,0.00769041974595358,0.01151683480897563,8,898,0.00890868596881959,Latent profile / class,0.9999999999999999,1,No clear difference,32,14239,45,19714,0.0022473488306763117,0.002282641777417064,1,1
other,Cluster analysis,Analysis,0.00202198913180841,96,9880,96,0.0097165991902834,0.00796394048464798,0.01185036549102297,4,898,0.00445434298440979,Cluster analysis,0.14366742053512194,0.27221195469812576,No clear difference,35,14239,46,19714,0.002458037783552216,0.0023333671502485543,0.8224634851467627,0.9839487074351669
other,Network analysis (psychometric networks),Analysis,0.00410716542398584,195,9880,195,0.01973684210526315,0.01717497948125916,0.02267202337888919,12,898,0.01336302895322939,Network analysis,0.20490746780156857,0.3353031291298395,No clear difference,58,14239,95,19714,0.004073319755600814,0.004818910418991579,0.3254804537989158,0.5326043789436805
other,Machine learning / NLP,Analysis,0.01550191667719786,736,9880,736,0.07449392712550608,0.06948017466444696,0.07983843440279516,59,898,0.06570155902004454,Machine learning / NLP,0.38570593633279593,0.5516444641896114,No clear difference,178,14239,382,19714,0.012500877870636983,0.0193770924216293,7.852550360274084e-7,6.1127915054630045e-6
other,Bayesian,Analysis,0.00444416361262058,211,9880,211,0.02135627530364372,0.0186861393172641,0.02439847112017353,12,898,0.01336302895322939,Bayesian,0.11213830616952655,0.2242766123390531,No clear difference,61,14239,86,19714,0.004284008708476719,0.004362382063508167,0.9334590411433777,1
other,Survival / time-to-event,Analysis,0.00332785711276801,158,9880,158,0.01599190283400809,0.01369981366061428,0.01866022167705262,17,898,0.01893095768374165,Survival analysis,0.48966561859744306,0.6528874914632574,No clear difference,52,14239,77,19714,0.0036519418498490064,0.0039058537080247538,0.7217969013115436,0.8960237395591576
other,Missing data / multiple imputation,Analysis,9.6886979232486e-4,46,9880,46,0.00465587044534413,0.00349259169132986,0.0062041906053120896,4,898,0.00445434298440979,Missing data methods,1,1,No clear difference,11,14239,24,19714,7.725261605449821e-4,0.0012174089479557674,0.2333741752007813,0.44218264774884875
other,Dyadic / APIM,Analysis,0.0026117359619192,124,9880,124,0.01255060728744939,0.01053719858915753,0.01494292064676965,9,898,0.01002227171492205,Dyadic (APIM),0.6355874880752242,0.8171839132395741,No clear difference,46,14239,50,19714,0.0032305639440971977,0.0025362686415745157,0.2549226734990824,0.4423825187908256
other,"Time series / dynamic models (VAR, DSEM)",Analysis,0.01099456590420826,522,9880,522,0.05283400809716599,0.0485942137060034,0.05742139401499459,23,898,0.02561247216035634,Time series,1.6823498193003586e-4,0.0017909525695316028,More common than elsewhere,133,14239,234,19714,0.00934054357749842,0.011869737242568732,0.029089214666369274,0.074800837713521
other,"Text analysis (LIWC, sentiment, topic models)",Analysis,0.00463372509372762,220,9880,220,0.02226720647773279,0.01953806667024974,0.02536769802941311,21,898,0.02338530066815145,Text analysis,0.8133425455382186,0.9760110546458622,No clear difference,51,14239,115,19714,0.0035817121988903715,0.005833417875621386,0.0034289862094876236,0.012344350354155445
other,Power analysis reported,Analysis,1.2637432073802e-4,6,9880,6,6.0728744939271e-4,2.7835406480627e-4,0.00132440928861248,0,898,0,Power analysis,1,1,No clear difference,2,14239,3,19714,1.4045930191726948e-4,1.5217611849447092e-4,1,1
other,Panel data / fixed effects,Analysis,0.01674459749778845,795,9880,795,0.08046558704453441,0.07526357879930051,0.0859937082091958,46,898,0.05122494432071269,Panel data / fixed effects,0.0014021756107514569,0.006309790248381556,More common than elsewhere,170,14239,422,19714,0.011939040662967904,0.021406107334888912,2.4165377077315902e-11,8.699535747833724e-10
other,"Causal designs (DiD, RDD, IV, synthetic control)",Analysis,0.0134378027718101,638,9880,638,0.0645748987854251,0.05989586663008705,0.06959239602625823,67,898,0.07461024498886415,"DiD, RDD, IV",0.2589108629528402,0.4052517854914021,No clear difference,166,14239,327,19714,0.011658122059133367,0.016587196915897332,1.6019354557657856e-4,9.611612734594713e-4
other,Propensity scores / matching,Analysis,0.00170605332996335,81,9880,81,0.00819838056680162,0.00660156482924047,0.01017748404272177,13,898,0.01447661469933184,Propensity scores,0.05999518160241182,0.15427332412048755,No clear difference,15,14239,45,19714,0.001053444764379521,0.002282641777417064,0.008375767016892039,0.024655996964217705
other,PLS-SEM,Analysis,0.00459160032014827,218,9880,218,0.02206477732793522,0.01934863743908361,0.02515242631341809,2,898,0.00222717149220489,PLS-SEM,1.6097544451204736e-6,2.8975580012168522e-5,More common than elsewhere,47,14239,118,19714,0.0033007935950558325,0.0059855939941158565,4.65944819569322e-4,0.002096751688061949
other,"Econometric time series (ARDL, GARCH, VECM)",Analysis,0.00570790682000084,271,9880,271,0.02742914979757085,0.02438761400806161,0.03083802484421082,11,898,0.01224944320712694,Econometric time series,0.004287614849128424,0.017150459396513697,More common than elsewhere,56,14239,136,19714,0.003932860453683545,0.0068986507050826824,3.0509195336539906e-4,0.001569044331593481
other,"Efficiency analysis (DEA, stochastic frontier)",Analysis,0.00117949366022157,56,9880,56,0.00566801619433198,0.00436770902267063,0.00735257800977712,1,898,0.00111358574610244,Efficiency analysis (DEA),0.08778447646994922,0.19751507205738575,No clear difference,10,14239,23,19714,7.022965095863473e-4,0.0011666835751242772,0.21715408220537202,0.43430816441074405
other,Qualitative comparative analysis (QCA),Analysis,0.00204305151859808,97,9880,97,0.00981781376518218,0.00805522057176097,0.01196143587749056,7,898,0.00779510022271714,QCA,0.7206428762352088,0.8945911567057765,No clear difference,12,14239,67,19714,8.427558115036168e-4,0.003398599979709851,4.7316668106461006e-7,5.6780001727753205e-6
other,Spatial analysis / GIS,Analysis,0.00596065546147689,283,9880,283,0.02864372469635627,0.02553338852731324,0.03212045600792615,41,898,0.04565701559020044,Spatial / GIS,0.007551168829099847,0.02718420778475945,Less common than elsewhere,78,14239,141,19714,0.005477912774773509,0.007152277569240134,0.06343533435862256,0.15224480246069413
other,Conjoint / discrete choice,Analysis,0.00425460213151354,202,9880,202,0.02044534412955465,0.01783555711635742,0.023427899058855,11,898,0.01224944320712694,Conjoint / choice models,0.10261562397029894,0.21730367429004482,No clear difference,53,14239,82,19714,0.003722171500807641,0.004159480572182205,0.5421583507977091,0.7228778010636121
